ano,tipo,valor
2010,1. CONTRA LAS PERSONAS,297488
2010,1.1.-Homicidios dolosos/asesinatos,1177
2010,1.1.1.-Homicidios dolosos/asesinatos consumados,401
2010,1.2.-Lesiones,113067
2010,1.3.-Malos tratos ámbito familiar,60307
2010,1.4.-Otros contra las personas,122937
2010,10. ORDEN PÚBLICO,33767
2010,11. LEGISLACIÓN ESPECIAL,234
2010,12. OTRAS INFRACCIONES PENALES,6785
2010,2. CONTRA LA LIBERTAD,42376
2010,2.1.-Malos tratos habituales en el ámbito familiar,17270
2010,2.2.-Otros contra la libertad,25106
2010,3. LIBERTAD SEXUAL,9957
2010,3.1.-Agresión sexual,5068
2010,3.2.-Agresión sexual con penetración,1991
2010,3.3.-Corrupción de menores o incapacitados,345
2010,3.4.-Pornografía de menores,953
2010,3.5.-Otros contra la libertad sexual,1600
2010,4. RELACIONES FAMILIARES,7877
2010,5. PATRIMONIO,1779019
2010,5.1.-Hurtos,785635
2010,5.2.-Robos con fuerza en las cosas,443772
2010,5.2.1.-Robos con fuerza en las cosas en el interior de vehículos,141674
2010,5.2.2.-Robos con fuerza en viviendas,111656
2010,5.2.3.-Robos con fuerza en establecimientos,48958
2010,5.3.-Robos con violencia o intimidación,84411
2010,5.3.1.-Robos con violencia en vía pública,42238
2010,5.3.2.-Robos con violencia en viviendas,4950
2010,5.3.3.-Robos con violencia en establecimientos,7772
2010,5.4.-Sustracción de vehículos,65948
2010,5.5.-Estafas,102567
2010,5.5.1.-Estafas informáticas,20563
2010,5.6.-Daños,266291
2010,5.7.-Contra la propiedad intelectual/industrial,3619
2010,5.8.-Blanqueo de capitales,182
2010,5.9.-Otros contra el patrimonio,26594
2010,6. SEGURIDAD COLECTIVA,74158
2010,6.1.-Tráfico de drogas,14391
2010,6.2.-Contra la seguridad vial,57088
2010,6.3.-Otros contra la seguridad colectiva,2679
2010,7. FALSEDADES,17502
2010,8. ADMÓN. PÚBLICA,416
2010,9. ADMÓN. JUSTICIA,27905
2010,TOTAL INFRACCIONES PENALES,2297484
2011,1. CONTRA LAS PERSONAS,300654
2011,1.1.-Homicidios dolosos/asesinatos,1210
2011,1.1.1.-Homicidios dolosos/asesinatos consumados,385
2011,1.2.-Lesiones,112824
2011,1.3.-Malos tratos ámbito familiar,62260
2011,1.4.-Otros contra las personas,124360
2011,10. ORDEN PÚBLICO,36317
2011,11. LEGISLACIÓN ESPECIAL,285
2011,12. OTRAS INFRACCIONES PENALES,6592
2011,2. CONTRA LA LIBERTAD,45131
2011,2.1.-Malos tratos habituales en el ámbito familiar,17694
2011,2.2.-Otros contra la libertad,27437
2011,3. LIBERTAD SEXUAL,9892
2011,3.1.-Agresión sexual,5479
2011,3.2.-Agresión sexual con penetración,1887
2011,3.3.-Corrupción de menores o incapacitados,253
2011,3.4.-Pornografía de menores,715
2011,3.5.-Otros contra la libertad sexual,1558
2011,4. RELACIONES FAMILIARES,9087
2011,5. PATRIMONIO,1742631
2011,5.1.-Hurtos,786704
2011,5.2.-Robos con fuerza en las cosas,414961
2011,5.2.1.-Robos con fuerza en las cosas en el interior de vehículos,153259
2011,5.2.2.-Robos con fuerza en viviendas,100780
2011,5.2.3.-Robos con fuerza en establecimientos,41250
2011,5.3.-Robos con violencia o intimidación,87718
2011,5.3.1.-Robos con violencia en vía pública,38831
2011,5.3.2.-Robos con violencia en viviendas,5450
2011,5.3.3.-Robos con violencia en establecimientos,6458
2011,5.4.-Sustracción de vehículos,60061
2011,5.5.-Estafas,106304
2011,5.5.1.-Estafas informáticas,21075
2011,5.6.-Daños,254361
2011,5.7.-Contra la propiedad intelectual/industrial,2643
2011,5.8.-Blanqueo de capitales,171
2011,5.9.-Otros contra el patrimonio,29708
2011,6. SEGURIDAD COLECTIVA,85010
2011,6.1.-Tráfico de drogas,15220
2011,6.2.-Contra la seguridad vial,67374
2011,6.3.-Otros contra la seguridad colectiva,2416
2011,7. FALSEDADES,20175
2011,8. ADMÓN. PÚBLICA,341
2011,9. ADMÓN. JUSTICIA,29410
2011,TOTAL INFRACCIONES PENALES,2285525
2012,1. CONTRA LAS PERSONAS,286446
2012,1.1.-Homicidios dolosos/asesinatos,1125
2012,1.1.1.-Homicidios dolosos/asesinatos consumados,364
2012,1.2.-Lesiones,105913
2012,1.3.-Malos tratos ámbito familiar,59703
2012,1.4.-Otros contra las personas,119705
2012,10. ORDEN PÚBLICO,33582
2012,11. LEGISLACIÓN ESPECIAL,237
2012,12. OTRAS INFRACCIONES PENALES,6655
2012,2. CONTRA LA LIBERTAD,44476
2012,2.1.-Malos tratos habituales en el ámbito familiar,17523
2012,2.2.-Otros contra la libertad,26953
2012,3. LIBERTAD SEXUAL,9008
2012,3.1.-Agresión sexual,5101
2012,3.2.-Agresión sexual con penetración,1631
2012,3.3.-Corrupción de menores o incapacitados,278
2012,3.4.-Pornografía de menores,569
2012,3.5.-Otros contra la libertad sexual,1429
2012,4. RELACIONES FAMILIARES,10424
2012,5. PATRIMONIO,1754632
2012,5.1.-Hurtos,790281
2012,5.2.-Robos con fuerza en las cosas,405939
2012,5.2.1.-Robos con fuerza en las cosas en el interior de vehículos,139483
2012,5.2.2.-Robos con fuerza en viviendas,126425
2012,5.2.3.-Robos con fuerza en establecimientos,41559
2012,5.3.-Robos con violencia o intimidación,96607
2012,5.3.1.-Robos con violencia en vía pública,45144
2012,5.3.2.-Robos con violencia en viviendas,6912
2012,5.3.3.-Robos con violencia en establecimientos,6822
2012,5.4.-Sustracción de vehículos,55197
2012,5.5.-Estafas,124675
2012,5.5.1.-Estafas informáticas,27231
2012,5.6.-Daños,246355
2012,5.7.-Contra la propiedad intelectual/industrial,2884
2012,5.8.-Blanqueo de capitales,199
2012,5.9.-Otros contra el patrimonio,32495
2012,6. SEGURIDAD COLECTIVA,76654
2012,6.1.-Tráfico de drogas,14509
2012,6.2.-Contra la seguridad vial,59634
2012,6.3.-Otros contra la seguridad colectiva,2511
2012,7. FALSEDADES,18223
2012,8. ADMÓN. PÚBLICA,325
2012,9. ADMÓN. JUSTICIA,28205
2012,TOTAL INFRACCIONES PENALES,2268867
2013,1. CONTRA LAS PERSONAS,274655
2013,1.1.-Homicidios dolosos/asesinatos,964
2013,1.1.1.-Homicidios dolosos/asesinatos consumados,302
2013,1.2.-Lesiones,100193
2013,1.3.-Malos tratos ámbito familiar,59819
2013,1.4.-Otros contra las personas,113679
2013,10. ORDEN PÚBLICO,31489
2013,11. LEGISLACIÓN ESPECIAL,205
2013,12. OTRAS INFRACCIONES PENALES,7129
2013,2. CONTRA LA LIBERTAD,43322
2013,2.1.-Malos tratos habituales en el ámbito familiar,16676
2013,2.2.-Otros contra la libertad,26646
2013,3. LIBERTAD SEXUAL,8923
2013,3.1.-Agresión sexual,4859
2013,3.2.-Agresión sexual con penetración,1684
2013,3.3.-Corrupción de menores o incapacitados,320
2013,3.4.-Pornografía de menores,508
2013,3.5.-Otros contra la libertad sexual,1552
2013,4. RELACIONES FAMILIARES,10331
2013,5. PATRIMONIO,1679585
2013,5.1.-Hurtos,770296
2013,5.2.-Robos con fuerza en las cosas,381777
2013,5.2.1.-Robos con fuerza en las cosas en el interior de vehículos,123355
2013,5.2.2.-Robos con fuerza en viviendas,127444
2013,5.2.3.-Robos con fuerza en establecimientos,39940
2013,5.3.-Robos con violencia o intimidación,86034
2013,5.3.1.-Robos con violencia en vía pública,38975
2013,5.3.2.-Robos con violencia en viviendas,6306
2013,5.3.3.-Robos con violencia en establecimientos,6747
2013,5.4.-Sustracción de vehículos,48855
2013,5.5.-Estafas,122483
2013,5.5.1.-Estafas informáticas,26664
2013,5.6.-Daños,226619
2013,5.7.-Contra la propiedad intelectual/industrial,3260
2013,5.8.-Blanqueo de capitales,243
2013,5.9.-Otros contra el patrimonio,40018
2013,6. SEGURIDAD COLECTIVA,71596
2013,6.1.-Tráfico de drogas,14296
2013,6.2.-Contra la seguridad vial,55226
2013,6.3.-Otros contra la seguridad colectiva,2074
2013,7. FALSEDADES,17262
2013,8. ADMÓN. PÚBLICA,391
2013,9. ADMÓN. JUSTICIA,27245
2013,TOTAL INFRACCIONES PENALES,2172133
2014,1. CONTRA LAS PERSONAS,281713
2014,1.1.-Homicidios dolosos/asesinatos,1048
2014,1.1.1.-Homicidios dolosos/asesinatos consumados,323
2014,1.2.-Lesiones,98821
2014,1.3.-Malos tratos ámbito familiar,62392
2014,1.4.-Otros contra las personas,119452
2014,10. ORDEN PÚBLICO,29466
2014,11. LEGISLACIÓN ESPECIAL,185
2014,12. OTRAS INFRACCIONES PENALES,7864
2014,2. CONTRA LA LIBERTAD,42953
2014,2.1.-Malos tratos habituales en el ámbito familiar,15958
2014,2.2.-Otros contra la libertad,26995
2014,3. LIBERTAD SEXUAL,9468
2014,3.1.-Agresión sexual,5150
2014,3.2.-Agresión sexual con penetración,1622
2014,3.3.-Corrupción de menores o incapacitados,386
2014,3.4.-Pornografía de menores,625
2014,3.5.-Otros contra la libertad sexual,1685
2014,4. RELACIONES FAMILIARES,10506
2014,5. PATRIMONIO,1595984
2014,5.1.-Hurtos,727800
2014,5.2.-Robos con fuerza en las cosas,344875
2014,5.2.1.-Robos con fuerza en las cosas en el interior de vehículos,106174
2014,5.2.2.-Robos con fuerza en viviendas,120783
2014,5.2.3.-Robos con fuerza en establecimientos,37962
2014,5.3.-Robos con violencia o intimidación,70855
2014,5.3.1.-Robos con violencia en vía pública,31830
2014,5.3.2.-Robos con violencia en viviendas,4697
2014,5.3.3.-Robos con violencia en establecimientos,5489
2014,5.4.-Sustracción de vehículos,43206
2014,5.5.-Estafas,140440
2014,5.5.1.-Estafas informáticas,32842
2014,5.6.-Daños,218166
2014,5.7.-Contra la propiedad intelectual/industrial,2608
2014,5.8.-Blanqueo de capitales,230
2014,5.9.-Otros contra el patrimonio,47804
2014,6. SEGURIDAD COLECTIVA,66938
2014,6.1.-Tráfico de drogas,13411
2014,6.2.-Contra la seguridad vial,51419
2014,6.3.-Otros contra la seguridad colectiva,2108
2014,7. FALSEDADES,18408
2014,8. ADMÓN. PÚBLICA,521
2014,9. ADMÓN. JUSTICIA,28034
2014,TOTAL INFRACCIONES PENALES,2092040
2015,1. CONTRA LAS PERSONAS,223893
2015,1.1.-Homicidios dolosos/asesinatos,964
2015,1.1.1.-Homicidios dolosos/asesinatos consumados,302
2015,1.2.-Lesiones,97012
2015,1.3.-Malos tratos ámbito familiar,64118
2015,1.4.-Otros contra las personas,61799
2015,10. ORDEN PÚBLICO,23160
2015,11. LEGISLACIÓN ESPECIAL,192
2015,12. OTRAS INFRACCIONES PENALES,9702
2015,2. CONTRA LA LIBERTAD,78815
2015,2.1.-Malos tratos habituales en el ámbito familiar,15676
2015,2.2.-Otros contra la libertad,63139
2015,3. LIBERTAD SEXUAL,9869
2015,3.1.-Agresión sexual,5338
2015,3.2.-Agresión sexual con penetración,1668
2015,3.3.-Corrupción de menores o incapacitados,432
2015,3.4.-Pornografía de menores,748
2015,3.5.-Otros contra la libertad sexual,1683
2015,4. RELACIONES FAMILIARES,9814
2015,5. PATRIMONIO,1573983
2015,5.1.-Hurtos,715469
2015,5.2.-Robos con fuerza en las cosas,322705
2015,5.2.1.-Robos con fuerza en las cosas en el interior de vehículos,100021
2015,5.2.2.-Robos con fuerza en viviendas,115302
2015,5.2.3.-Robos con fuerza en establecimientos,35959
2015,5.3.-Robos con violencia o intimidación,64581
2015,5.3.1.-Robos con violencia en vía pública,28949
2015,5.3.2.-Robos con violencia en viviendas,3929
2015,5.3.3.-Robos con violencia en establecimientos,5168
2015,5.4.-Sustracción de vehículos,43170
2015,5.5.-Estafas,165300
2015,5.5.1.-Estafas informáticas,62038
2015,5.6.-Daños,215519
2015,5.7.-Contra la propiedad intelectual/industrial,2047
2015,5.8.-Blanqueo de capitales,290
2015,5.9.-Otros contra el patrimonio,44902
2015,6. SEGURIDAD COLECTIVA,60090
2015,6.1.-Tráfico de drogas,12069
2015,6.2.-Contra la seguridad vial,45991
2015,6.3.-Otros contra la seguridad colectiva,2030
2015,7. FALSEDADES,19224
2015,8. ADMÓN. PÚBLICA,535
2015,9. ADMÓN. JUSTICIA,27538
2015,TOTAL INFRACCIONES PENALES,2036815
2016,1. CONTRA LAS PERSONAS,166431
2016,1.1.-Homicidios dolosos/asesinatos,1107
2016,1.1.1.-Homicidios dolosos/asesinatos consumados,294
2016,1.2.-Lesiones,97108
2016,1.3.-Malos tratos ámbito familiar,66102
2016,1.4.-Otros contra las personas,2114
2016,10. ORDEN PÚBLICO,18867
2016,11. LEGISLACIÓN ESPECIAL,143
2016,12. OTRAS INFRACCIONES PENALES,10394
2016,2. CONTRA LA LIBERTAD,115493
2016,2.1.-Malos tratos habituales en el ámbito familiar,14554
2016,2.2.-Otros contra la libertad,100939
2016,3. LIBERTAD SEXUAL,10844
2016,3.1.-Agresión sexual,6233
2016,3.2.-Agresión sexual con penetración,1793
2016,3.3.-Corrupción de menores o incapacitados,368
2016,3.4.-Pornografía de menores,621
2016,3.5.-Otros contra la libertad sexual,1829
2016,4. RELACIONES FAMILIARES,8043
2016,5. PATRIMONIO,1572967
2016,5.1.-Hurtos,711507
2016,5.2.-Robos con fuerza en las cosas,318164
2016,5.2.1.-Robos con fuerza en las cosas en el interior de vehículos,104274
2016,5.2.2.-Robos con fuerza en viviendas,113299
2016,5.2.3.-Robos con fuerza en establecimientos,37619
2016,5.3.-Robos con violencia o intimidación,62952
2016,5.3.1.-Robos con violencia en vía pública,28900
2016,5.3.2.-Robos con violencia en viviendas,3521
2016,5.3.3.-Robos con violencia en establecimientos,5174
2016,5.4.-Sustracción de vehículos,43335
2016,5.5.-Estafas,179756
2016,5.5.1.-Estafas informáticas,70178
2016,5.6.-Daños,214709
2016,5.7.-Contra la propiedad intelectual/industrial,1889
2016,5.8.-Blanqueo de capitales,262
2016,5.9.-Otros contra el patrimonio,40393
2016,6. SEGURIDAD COLECTIVA,58350
2016,6.1.-Tráfico de drogas,12448
2016,6.2.-Contra la seguridad vial,43913
2016,6.3.-Otros contra la seguridad colectiva,1989
2016,7. FALSEDADES,19958
2016,8. ADMÓN. PÚBLICA,553
2016,9. ADMÓN. JUSTICIA,27647
2016,TOTAL INFRACCIONES PENALES,2009690
2017,1. CONTRA LAS PERSONAS,174217
2017,1.1.-Homicidios dolosos/asesinatos,1106
2017,1.1.1.-Homicidios dolosos/asesinatos consumados,307
2017,1.2.-Lesiones,100354
2017,1.3.-Malos tratos ámbito familiar,69812
2017,1.4.-Otros contra las personas,2945
2017,10. ORDEN PÚBLICO,19591
2017,11. LEGISLACIÓN ESPECIAL,165
2017,12. OTRAS INFRACCIONES PENALES,9772
2017,2. CONTRA LA LIBERTAD,119031
2017,2.1.-Malos tratos habituales en el ámbito familiar,14238
2017,2.2.-Otros contra la libertad,104793
2017,3. LIBERTAD SEXUAL,11692
2017,3.1.-Agresión sexual,6580
2017,3.2.-Agresión sexual con penetración,2136
2017,3.3.-Corrupción de menores o incapacitados,400
2017,3.4.-Pornografía de menores,767
2017,3.5.-Otros contra la libertad sexual,1809
2017,4. RELACIONES FAMILIARES,7915
2017,5. PATRIMONIO,1593930
2017,5.1.-Hurtos,712398
2017,5.2.-Robos con fuerza en las cosas,301734
2017,5.2.1.-Robos con fuerza en las cosas en el interior de vehículos,102988
2017,5.2.2.-Robos con fuerza en viviendas,105095
2017,5.2.3.-Robos con fuerza en establecimientos,35059
2017,5.3.-Robos con violencia o intimidación,61763
2017,5.3.1.-Robos con violencia en vía pública,27561
2017,5.3.2.-Robos con violencia en viviendas,3389
2017,5.3.3.-Robos con violencia en establecimientos,5383
2017,5.4.-Sustracción de vehículos,42519
2017,5.5.-Estafas,214625
2017,5.5.1.-Estafas informáticas,94792
2017,5.6.-Daños,214246
2017,5.7.-Contra la propiedad intelectual/industrial,1622
2017,5.8.-Blanqueo de capitales,260
2017,5.9.-Otros contra el patrimonio,44763
2017,6. SEGURIDAD COLECTIVA,59162
2017,6.1.-Tráfico de drogas,12958
2017,6.2.-Contra la seguridad vial,43942
2017,6.3.-Otros contra la seguridad colectiva,2262
2017,7. FALSEDADES,20640
2017,8. ADMÓN. PÚBLICA,668
2017,9. ADMÓN. JUSTICIA,29001
2017,TOTAL INFRACCIONES PENALES,2045784
2018,1. CONTRA LAS PERSONAS,177165
2018,1.1.-Homicidios dolosos/asesinatos,1088
2018,1.1.1.-Homicidios dolosos/asesinatos consumados,289
2018,1.2.-Lesiones,99928
2018,1.3.-Malos tratos ámbito familiar,72309
2018,1.4.-Otros contra las personas,3840
2018,10. ORDEN PÚBLICO,20121
2018,11. LEGISLACIÓN ESPECIAL,209
2018,12. OTRAS INFRACCIONES PENALES,9725
2018,2. CONTRA LA LIBERTAD,120919
2018,2.1.-Malos tratos habituales en el ámbito familiar,14196
2018,2.2.-Otros contra la libertad,106723
2018,3. LIBERTAD SEXUAL,13782
2018,3.1.-Agresión sexual,7983
2018,3.2.-Agresión sexual con penetración,2744
2018,3.3.-Corrupción de menores o incapacitados,268
2018,3.4.-Pornografía de menores,892
2018,3.5.-Otros contra la libertad sexual,1895
2018,4. RELACIONES FAMILIARES,7630
2018,5. PATRIMONIO,1664242
2018,5.1.-Hurtos,706072
2018,5.2.-Robos con fuerza en las cosas,302043
2018,5.2.1.-Robos con fuerza en las cosas en el interior de vehículos,102474
2018,5.2.2.-Robos con fuerza en viviendas,107166
2018,5.2.3.-Robos con fuerza en establecimientos,33129
2018,5.3.-Robos con violencia o intimidación,60295
2018,5.3.1.-Robos con violencia en vía pública,24681
2018,5.3.2.-Robos con violencia en viviendas,3233
2018,5.3.3.-Robos con violencia en establecimientos,5355
2018,5.4.-Sustracción de vehículos,35897
2018,5.5.-Estafas,289259
2018,5.5.1.-Estafas informáticas,136656
2018,5.6.-Daños,213815
2018,5.7.-Contra la propiedad intelectual/industrial,2205
2018,5.8.-Blanqueo de capitales,272
2018,5.9.-Otros contra el patrimonio,54384
2018,6. SEGURIDAD COLECTIVA,64126
2018,6.1.-Tráfico de drogas,14133
2018,6.2.-Contra la seguridad vial,47648
2018,6.3.-Otros contra la seguridad colectiva,2345
2018,7. FALSEDADES,22399
2018,8. ADMÓN. PÚBLICA,510
2018,9. ADMÓN. JUSTICIA,30290
2018,TOTAL INFRACCIONES PENALES,2131118
2019,1. CONTRA LAS PERSONAS,186110
2019,1.1.-Homicidios dolosos/asesinatos,1167
2019,1.1.1.-Homicidios dolosos/asesinatos consumados,331
2019,1.2.-Lesiones,103341
2019,1.3.-Malos tratos ámbito familiar,77424
2019,1.4.-Otros contra las personas,4178
2019,10. ORDEN PÚBLICO,21877
2019,11. LEGISLACIÓN ESPECIAL,306
2019,12. OTRAS INFRACCIONES PENALES,9970
2019,2. CONTRA LA LIBERTAD,125685
2019,2.1.-Malos tratos habituales en el ámbito familiar,14575
2019,2.2.-Otros contra la libertad,111110
2019,3. LIBERTAD SEXUAL,15319
2019,3.1.-Agresión sexual,8885
2019,3.2.-Agresión sexual con penetración,3079
2019,3.3.-Corrupción de menores o incapacitados,369
2019,3.4.-Pornografía de menores,866
2019,3.5.-Otros contra la libertad sexual,2120
2019,4. RELACIONES FAMILIARES,7288
2019,5. PATRIMONIO,1707144
2019,5.1.-Hurtos,700453
2019,5.2.-Robos con fuerza en las cosas,298098
2019,5.2.1.-Robos con fuerza en las cosas en el interior de vehículos,108637
2019,5.2.2.-Robos con fuerza en viviendas,98326
2019,5.2.3.-Robos con fuerza en establecimientos,32363
2019,5.3.-Robos con violencia o intimidación,65874
2019,5.3.1.-Robos con violencia en vía pública,25916
2019,5.3.2.-Robos con violencia en viviendas,3223
2019,5.3.3.-Robos con violencia en establecimientos,5609
2019,5.4.-Sustracción de vehículos,35105
2019,5.5.-Estafas,327723
2019,5.5.1.-Estafas informáticas,192375
2019,5.6.-Daños,219424
2019,5.7.-Contra la propiedad intelectual/industrial,1807
2019,5.8.-Blanqueo de capitales,295
2019,5.9.-Otros contra el patrimonio,58365
2019,6. SEGURIDAD COLECTIVA,68749
2019,6.1.-Tráfico de drogas,16624
2019,6.2.-Contra la seguridad vial,49869
2019,6.3.-Otros contra la seguridad colectiva,2256
2019,7. FALSEDADES,24529
2019,8. ADMÓN. PÚBLICA,416
2019,9. ADMÓN. JUSTICIA,32082
2019,TOTAL INFRACCIONES PENALES,2199475
2020,1. CONTRA LAS PERSONAS,161406
2020,1.1.-Homicidios dolosos/asesinatos,1201
2020,1.1.1.-Homicidios dolosos/asesinatos consumados,298
2020,1.2.-Lesiones,81449
2020,1.3.-Malos tratos ámbito familiar,75203
2020,1.4.-Otros contra las personas,3553
2020,10. ORDEN PÚBLICO,30272
2020,11. LEGISLACIÓN ESPECIAL,325
2020,12. OTRAS INFRACCIONES PENALES,9665
2020,2. CONTRA LA LIBERTAD,125010
2020,2.1.-Malos tratos habituales en el ámbito familiar,13993
2020,2.2.-Otros contra la libertad,111017
2020,3. LIBERTAD SEXUAL,13174
2020,3.1.-Agresión sexual,7276
2020,3.2.-Agresión sexual con penetración,2785
2020,3.3.-Corrupción de menores o incapacitados,350
2020,3.4.-Pornografía de menores,762
2020,3.5.-Otros contra la libertad sexual,2001
2020,4. RELACIONES FAMILIARES,6831
2020,5. PATRIMONIO,1304424
2020,5.1.-Hurtos,420950
2020,5.2.-Robos con fuerza en las cosas,219091
2020,5.2.1.-Robos con fuerza en las cosas en el interior de vehículos,54633
2020,5.2.2.-Robos con fuerza en viviendas,72380
2020,5.2.3.-Robos con fuerza en establecimientos,31237
2020,5.3.-Robos con violencia o intimidación,45263
2020,5.3.1.-Robos con violencia en vía pública,30162
2020,5.3.2.-Robos con violencia en viviendas,3208
2020,5.3.3.-Robos con violencia en establecimientos,6138
2020,5.4.-Sustracción de vehículos,25387
2020,5.5.-Estafas,360844
2020,5.5.1.-Estafas informáticas,257907
2020,5.6.-Daños,180429
2020,5.7.-Contra la propiedad intelectual/industrial,930
2020,5.8.-Blanqueo de capitales,310
2020,5.9.-Otros contra el patrimonio,51220
2020,6. SEGURIDAD COLECTIVA,60162
2020,6.1.-Tráfico de drogas,17112
2020,6.2.-Contra la seguridad vial,41120
2020,6.3.-Otros contra la seguridad colectiva,1930
2020,7. FALSEDADES,24020
2020,8. ADMÓN. PÚBLICA,350
2020,9. ADMÓN. JUSTICIA,31140
2020,TOTAL INFRACCIONES PENALES,1766779
2021,1. CONTRA LAS PERSONAS,183590
2021,1.1.-Homicidios dolosos/asesinatos,1322
2021,1.1.1.-Homicidios dolosos/asesinatos consumados,293
2021,1.2.-Lesiones,96159
2021,1.3.-Malos tratos ámbito familiar,82003
2021,1.4.-Otros contra las personas,4106
2021,10. ORDEN PÚBLICO,27594
2021,11. LEGISLACIÓN ESPECIAL,343
2021,12. OTRAS INFRACCIONES PENALES,10341
2021,2. CONTRA LA LIBERTAD,139867
2021,2.1.-Malos tratos habituales en el ámbito familiar,15008
2021,2.2.-Otros contra la libertad,124859
2021,3. LIBERTAD SEXUAL,17016
2021,3.1.-Agresión sexual,10061
2021,3.2.-Agresión sexual con penetración,3795
2021,3.3.-Corrupción de menores o incapacitados,347
2021,3.4.-Pornografía de menores,739
2021,3.5.-Otros contra la libertad sexual,2074
2021,4. RELACIONES FAMILIARES,7410
2021,5. PATRIMONIO,1434698
2021,5.1.-Hurtos,493479
2021,5.2.-Robos con fuerza en las cosas,229137
2021,5.2.1.-Robos con fuerza en las cosas en el interior de vehículos,87774
2021,5.2.2.-Robos con fuerza en viviendas,75501
2021,5.2.3.-Robos con fuerza en establecimientos,27198
2021,5.3.-Robos con violencia o intimidación,53073
2021,5.3.1.-Robos con violencia en vía pública,35726
2021,5.3.2.-Robos con violencia en viviendas,3477
2021,5.3.3.-Robos con violencia en establecimientos,6663
2021,5.4.-Sustracción de vehículos,26417
2021,5.5.-Estafas,373113
2021,5.5.1.-Estafas informáticas,267011
2021,5.6.-Daños,201828
2021,5.7.-Contra la propiedad intelectual/industrial,1176
2021,5.8.-Blanqueo de capitales,343
2021,5.9.-Otros contra el patrimonio,56132
2021,6. SEGURIDAD COLECTIVA,68891
2021,6.1.-Tráfico de drogas,18313
2021,6.2.-Contra la seguridad vial,48394
2021,6.3.-Otros contra la seguridad colectiva,2184
2021,7. FALSEDADES,34058
2021,8. ADMÓN. PÚBLICA,541
2021,9. ADMÓN. JUSTICIA,33370
2021,TOTAL INFRACCIONES PENALES,1957719
2022,1. CONTRA LAS PERSONAS,212804
2022,1.1.-Homicidios dolosos/asesinatos,1539
2022,1.1.1.-Homicidios dolosos/asesinatos consumados,326
2022,1.2.-Lesiones,113704
2022,1.3.-Malos tratos ámbito familiar,92695
2022,1.4.-Otros contra las personas,4866
2022,10. ORDEN PÚBLICO,28562
2022,11. LEGISLACIÓN ESPECIAL,330
2022,12. OTRAS INFRACCIONES PENALES,10646
2022,2. CONTRA LA LIBERTAD,143861
2022,2.1.-Malos tratos habituales en el ámbito familiar,15647
2022,2.2.-Otros contra la libertad,128214
2022,3. LIBERTAD SEXUAL,19013
2022,3.1.-Agresión sexual,11426
2022,3.2.-Agresión sexual con penetración,4270
2022,3.3.-Corrupción de menores o incapacitados,384
2022,3.4.-Pornografía de menores,707
2022,3.5.-Otros contra la libertad sexual,2226
2022,4. RELACIONES FAMILIARES,7567
2022,5. PATRIMONIO,1747464
2022,5.1.-Hurtos,642276
2022,5.2.-Robos con fuerza en las cosas,265901
2022,5.2.1.-Robos con fuerza en las cosas en el interior de vehículos,101084
2022,5.2.2.-Robos con fuerza en viviendas,86515
2022,5.2.3.-Robos con fuerza en establecimientos,31552
2022,5.3.-Robos con violencia o intimidación,63392
2022,5.3.1.-Robos con violencia en vía pública,43100
2022,5.3.2.-Robos con violencia en viviendas,3669
2022,5.3.3.-Robos con violencia en establecimientos,8210
2022,5.4.-Sustracción de vehículos,30767
2022,5.5.-Estafas,466566
2022,5.5.1.-Estafas informáticas,335995
2022,5.6.-Daños,213694
2022,5.7.-Contra la propiedad intelectual/industrial,1217
2022,5.8.-Blanqueo de capitales,411
2022,5.9.-Otros contra el patrimonio,63240
2022,6. SEGURIDAD COLECTIVA,76692
2022,6.1.-Tráfico de drogas,19057
2022,6.2.-Contra la seguridad vial,54976
2022,6.3.-Otros contra la seguridad colectiva,2659
2022,7. FALSEDADES,37717
2022,8. ADMÓN. PÚBLICA,509
2022,9. ADMÓN. JUSTICIA,37910
2022,TOTAL INFRACCIONES PENALES,2323075
2023,1. CONTRA LAS PERSONAS,226761
2023,1.1.-Homicidios dolosos/asesinatos,1692
2023,1.1.1.-Homicidios dolosos/asesinatos consumados,333
2023,1.2.-Lesiones,118125
2023,1.3.-Malos tratos ámbito familiar,101179
2023,1.4.-Otros contra las personas,5765
2023,10. ORDEN PÚBLICO,30011
2023,11. LEGISLACIÓN ESPECIAL,464
2023,12. OTRAS INFRACCIONES PENALES,11718
2023,2. CONTRA LA LIBERTAD,159113
2023,2.1.-Malos tratos habituales en el ámbito familiar,17120
2023,2.2.-Otros contra la libertad,141993
2023,3. LIBERTAD SEXUAL,21825
2023,3.1.-Agresión sexual,12727
2023,3.2.-Agresión sexual con penetración,4890
2023,3.3.-Corrupción de menores o incapacitados,389
2023,3.4.-Pornografía de menores,909
2023,3.5.-Otros contra la libertad sexual,2910
2023,4. RELACIONES FAMILIARES,7611
2023,5. PATRIMONIO,1846821
2023,5.1.-Hurtos,665622
2023,5.2.-Robos con fuerza en las cosas,272638
2023,5.2.1.-Robos con fuerza en las cosas en el interior de vehículos,104988
2023,5.2.2.-Robos con fuerza en viviendas,84721
2023,5.2.3.-Robos con fuerza en establecimientos,35072
2023,5.3.-Robos con violencia o intimidación,64711
2023,5.3.1.-Robos con violencia en vía pública,44406
2023,5.3.2.-Robos con violencia en viviendas,3844
2023,5.3.3.-Robos con violencia en establecimientos,8238
2023,5.4.-Sustracción de vehículos,32839
2023,5.5.-Estafas,533379
2023,5.5.1.-Estafas informáticas,427448
2023,5.6.-Daños,209299
2023,5.7.-Contra la propiedad intelectual/industrial,1451
2023,5.8.-Blanqueo de capitales,516
2023,5.9.-Otros contra el patrimonio,66366
2023,6. SEGURIDAD COLECTIVA,77130
2023,6.1.-Tráfico de drogas,21033
2023,6.2.-Contra la seguridad vial,53517
2023,6.3.-Otros contra la seguridad colectiva,2580
2023,7. FALSEDADES,40889
2023,8. ADMÓN. PÚBLICA,506
2023,9. ADMÓN. JUSTICIA,41910
2023,TOTAL INFRACCIONES PENALES,2464759
