tipo,path_abs,path_rel_root,path_rel_from_docs,rmd_from_root,rmd_from_docs,score,dup_folder
tabla,D:/delitos_inmigracion_espana_MIN/output/tables/_data_preview/data_processed_detenciones_extranjeros_total_nacional_por_sexo_csv_HEAD50.csv,output/tables/_data_preview/data_processed_detenciones_extranjeros_total_nacional_por_sexo_csv_HEAD50.csv,../output/tables/_data_preview/data_processed_detenciones_extranjeros_total_nacional_por_sexo_csv_HEAD50.csv,output/tables/_data_preview/data_processed_detenciones_extranjeros_total_nacional_por_sexo_csv_HEAD50.csv,../output/tables/_data_preview/data_processed_detenciones_extranjeros_total_nacional_por_sexo_csv_HEAD50.csv,3,FALSE
tabla,D:/delitos_inmigracion_espana_MIN/output/tables/_data_preview/data_processed_detenciones_extranjeros_detenidos_por_sexo_est_csv_HEAD50.csv,output/tables/_data_preview/data_processed_detenciones_extranjeros_detenidos_por_sexo_est_csv_HEAD50.csv,../output/tables/_data_preview/data_processed_detenciones_extranjeros_detenidos_por_sexo_est_csv_HEAD50.csv,output/tables/_data_preview/data_processed_detenciones_extranjeros_detenidos_por_sexo_est_csv_HEAD50.csv,../output/tables/_data_preview/data_processed_detenciones_extranjeros_detenidos_por_sexo_est_csv_HEAD50.csv,3,FALSE
tabla,D:/delitos_inmigracion_espana_MIN/output/tables/_data_preview/data_processed_detenciones_extranjeros_total_nacional_csv_HEAD50.csv,output/tables/_data_preview/data_processed_detenciones_extranjeros_total_nacional_csv_HEAD50.csv,../output/tables/_data_preview/data_processed_detenciones_extranjeros_total_nacional_csv_HEAD50.csv,output/tables/_data_preview/data_processed_detenciones_extranjeros_total_nacional_csv_HEAD50.csv,../output/tables/_data_preview/data_processed_detenciones_extranjeros_total_nacional_csv_HEAD50.csv,3,FALSE
tabla,D:/delitos_inmigracion_espana_MIN/output/tables/_data_preview/data_processed_detenciones_share_extranjeros_csv_HEAD50.csv,output/tables/_data_preview/data_processed_detenciones_share_extranjeros_csv_HEAD50.csv,../output/tables/_data_preview/data_processed_detenciones_share_extranjeros_csv_HEAD50.csv,output/tables/_data_preview/data_processed_detenciones_share_extranjeros_csv_HEAD50.csv,../output/tables/_data_preview/data_processed_detenciones_share_extranjeros_csv_HEAD50.csv,3,FALSE
tabla,D:/delitos_inmigracion_espana_MIN/output/tables/_data_preview/data_processed_detenciones_extranjeros_total_csv_HEAD50.csv,output/tables/_data_preview/data_processed_detenciones_extranjeros_total_csv_HEAD50.csv,../output/tables/_data_preview/data_processed_detenciones_extranjeros_total_csv_HEAD50.csv,output/tables/_data_preview/data_processed_detenciones_extranjeros_total_csv_HEAD50.csv,../output/tables/_data_preview/data_processed_detenciones_extranjeros_total_csv_HEAD50.csv,3,FALSE
tabla,D:/delitos_inmigracion_espana_MIN/output/tables/SCHEMA_deltas_sin_covid.csv,output/tables/SCHEMA_deltas_sin_covid.csv,../output/tables/SCHEMA_deltas_sin_covid.csv,output/tables/SCHEMA_deltas_sin_covid.csv,../output/tables/SCHEMA_deltas_sin_covid.csv,3,FALSE
tabla,D:/delitos_inmigracion_espana_MIN/output/tables/SCHEMA_niveles_sin_covid.csv,output/tables/SCHEMA_niveles_sin_covid.csv,../output/tables/SCHEMA_niveles_sin_covid.csv,output/tables/SCHEMA_niveles_sin_covid.csv,../output/tables/SCHEMA_niveles_sin_covid.csv,3,FALSE
tabla,D:/delitos_inmigracion_espana_MIN/output/tables/qa_he_vs_hc_diagnostico.csv,output/tables/qa_he_vs_hc_diagnostico.csv,../output/tables/qa_he_vs_hc_diagnostico.csv,output/tables/qa_he_vs_hc_diagnostico.csv,../output/tables/qa_he_vs_hc_diagnostico.csv,2,FALSE
tabla,D:/delitos_inmigracion_espana_MIN/output/tables/14_he_vs_hc_fullcheck.csv,output/tables/14_he_vs_hc_fullcheck.csv,../output/tables/14_he_vs_hc_fullcheck.csv,output/tables/14_he_vs_hc_fullcheck.csv,../output/tables/14_he_vs_hc_fullcheck.csv,2,FALSE
tabla,D:/delitos_inmigracion_espana_MIN/output/tables/_data_preview/data_processed_detenciones_totales_total_nacional_csv_HEAD50.csv,output/tables/_data_preview/data_processed_detenciones_totales_total_nacional_csv_HEAD50.csv,../output/tables/_data_preview/data_processed_detenciones_totales_total_nacional_csv_HEAD50.csv,output/tables/_data_preview/data_processed_detenciones_totales_total_nacional_csv_HEAD50.csv,../output/tables/_data_preview/data_processed_detenciones_totales_total_nacional_csv_HEAD50.csv,2,FALSE
tabla,D:/delitos_inmigracion_espana_MIN/output/tables/13b_top_tipologias_2010_2023.csv,output/tables/13b_top_tipologias_2010_2023.csv,../output/tables/13b_top_tipologias_2010_2023.csv,output/tables/13b_top_tipologias_2010_2023.csv,../output/tables/13b_top_tipologias_2010_2023.csv,2,FALSE
tabla,D:/delitos_inmigracion_espana_MIN/output/tables/20_corr_niveles_sin_covid.csv,output/tables/20_corr_niveles_sin_covid.csv,../output/tables/20_corr_niveles_sin_covid.csv,output/tables/20_corr_niveles_sin_covid.csv,../output/tables/20_corr_niveles_sin_covid.csv,2,FALSE
tabla,D:/delitos_inmigracion_espana_MIN/output/tables/20_pcor_deltas_sin_covid.csv,output/tables/20_pcor_deltas_sin_covid.csv,../output/tables/20_pcor_deltas_sin_covid.csv,output/tables/20_pcor_deltas_sin_covid.csv,../output/tables/20_pcor_deltas_sin_covid.csv,2,FALSE
tabla,D:/delitos_inmigracion_espana_MIN/output/tables/20_corr_deltas_sin_covid.csv,output/tables/20_corr_deltas_sin_covid.csv,../output/tables/20_corr_deltas_sin_covid.csv,output/tables/20_corr_deltas_sin_covid.csv,../output/tables/20_corr_deltas_sin_covid.csv,2,FALSE
tabla,D:/delitos_inmigracion_espana_MIN/output/tables/20_pcor_niveles_sin_covid.csv,output/tables/20_pcor_niveles_sin_covid.csv,../output/tables/20_pcor_niveles_sin_covid.csv,output/tables/20_pcor_niveles_sin_covid.csv,../output/tables/20_pcor_niveles_sin_covid.csv,2,FALSE
tabla,D:/delitos_inmigracion_espana_MIN/output/tables/32_correlaciones_nocovid.csv,output/tables/32_correlaciones_nocovid.csv,../output/tables/32_correlaciones_nocovid.csv,output/tables/32_correlaciones_nocovid.csv,../output/tables/32_correlaciones_nocovid.csv,2,FALSE
tabla,D:/delitos_inmigracion_espana_MIN/output/tables/32_correlaciones_delta_nocovid.csv,output/tables/32_correlaciones_delta_nocovid.csv,../output/tables/32_correlaciones_delta_nocovid.csv,output/tables/32_correlaciones_delta_nocovid.csv,../output/tables/32_correlaciones_delta_nocovid.csv,2,FALSE
tabla,D:/delitos_inmigracion_espana_MIN/output/tables/inspect_uniques_hechos_conocidos_total_nacional_HCref.csv,output/tables/inspect_uniques_hechos_conocidos_total_nacional_HCref.csv,../output/tables/inspect_uniques_hechos_conocidos_total_nacional_HCref.csv,output/tables/inspect_uniques_hechos_conocidos_total_nacional_HCref.csv,../output/tables/inspect_uniques_hechos_conocidos_total_nacional_HCref.csv,2,FALSE
tabla,D:/delitos_inmigracion_espana_MIN/output/tables/qa_coherencia_he_mayor_que_hc.csv,output/tables/qa_coherencia_he_mayor_que_hc.csv,../output/tables/qa_coherencia_he_mayor_que_hc.csv,output/tables/qa_coherencia_he_mayor_que_hc.csv,../output/tables/qa_coherencia_he_mayor_que_hc.csv,2,FALSE
tabla,D:/delitos_inmigracion_espana_MIN/output/tables/qa_raw_anos_fuera_2010_2023.csv,output/tables/qa_raw_anos_fuera_2010_2023.csv,../output/tables/qa_raw_anos_fuera_2010_2023.csv,output/tables/qa_raw_anos_fuera_2010_2023.csv,../output/tables/qa_raw_anos_fuera_2010_2023.csv,2,FALSE
tabla,D:/delitos_inmigracion_espana_MIN/output/tables/_data_preview/data_processed_detenciones_totales_total_csv_HEAD50.csv,output/tables/_data_preview/data_processed_detenciones_totales_total_csv_HEAD50.csv,../output/tables/_data_preview/data_processed_detenciones_totales_total_csv_HEAD50.csv,output/tables/_data_preview/data_processed_detenciones_totales_total_csv_HEAD50.csv,../output/tables/_data_preview/data_processed_detenciones_totales_total_csv_HEAD50.csv,2,FALSE
tabla,D:/delitos_inmigracion_espana_MIN/output/tables/detenciones_violentos_top5_check.csv,output/tables/detenciones_violentos_top5_check.csv,../output/tables/detenciones_violentos_top5_check.csv,output/tables/detenciones_violentos_top5_check.csv,../output/tables/detenciones_violentos_top5_check.csv,2,FALSE
tabla,D:/delitos_inmigracion_espana_MIN/output/tables/inspect_profile_hechos_conocidos_total_nacional_HCref.csv,output/tables/inspect_profile_hechos_conocidos_total_nacional_HCref.csv,../output/tables/inspect_profile_hechos_conocidos_total_nacional_HCref.csv,output/tables/inspect_profile_hechos_conocidos_total_nacional_HCref.csv,../output/tables/inspect_profile_hechos_conocidos_total_nacional_HCref.csv,2,FALSE
tabla,D:/delitos_inmigracion_espana_MIN/output/tables/inspect_profile_qa_excepciones_he_vs_hc_whitelist.csv,output/tables/inspect_profile_qa_excepciones_he_vs_hc_whitelist.csv,../output/tables/inspect_profile_qa_excepciones_he_vs_hc_whitelist.csv,output/tables/inspect_profile_qa_excepciones_he_vs_hc_whitelist.csv,../output/tables/inspect_profile_qa_excepciones_he_vs_hc_whitelist.csv,2,FALSE
tabla,D:/delitos_inmigracion_espana_MIN/output/tables/99_diag_he_mayor_hc_fuera_whitelist.csv,output/tables/99_diag_he_mayor_hc_fuera_whitelist.csv,../output/tables/99_diag_he_mayor_hc_fuera_whitelist.csv,output/tables/99_diag_he_mayor_hc_fuera_whitelist.csv,../output/tables/99_diag_he_mayor_hc_fuera_whitelist.csv,2,FALSE
tabla,D:/delitos_inmigracion_espana_MIN/output/tables/inspect_uniques_qa_excepciones_he_vs_hc_whitelist.csv,output/tables/inspect_uniques_qa_excepciones_he_vs_hc_whitelist.csv,../output/tables/inspect_uniques_qa_excepciones_he_vs_hc_whitelist.csv,output/tables/inspect_uniques_qa_excepciones_he_vs_hc_whitelist.csv,../output/tables/inspect_uniques_qa_excepciones_he_vs_hc_whitelist.csv,2,FALSE
tabla,D:/delitos_inmigracion_espana_MIN/output/tables/14_he_vs_hc_violaciones.csv,output/tables/14_he_vs_hc_violaciones.csv,../output/tables/14_he_vs_hc_violaciones.csv,output/tables/14_he_vs_hc_violaciones.csv,../output/tables/14_he_vs_hc_violaciones.csv,2,FALSE
tabla,D:/delitos_inmigracion_espana_MIN/output/tables/inspect_cols_hechos_conocidos_total_nacional_HCref.csv,output/tables/inspect_cols_hechos_conocidos_total_nacional_HCref.csv,../output/tables/inspect_cols_hechos_conocidos_total_nacional_HCref.csv,output/tables/inspect_cols_hechos_conocidos_total_nacional_HCref.csv,../output/tables/inspect_cols_hechos_conocidos_total_nacional_HCref.csv,2,FALSE
tabla,D:/delitos_inmigracion_espana_MIN/output/tables/inspect_cols_qa_excepciones_he_vs_hc_whitelist.csv,output/tables/inspect_cols_qa_excepciones_he_vs_hc_whitelist.csv,../output/tables/inspect_cols_qa_excepciones_he_vs_hc_whitelist.csv,output/tables/inspect_cols_qa_excepciones_he_vs_hc_whitelist.csv,../output/tables/inspect_cols_qa_excepciones_he_vs_hc_whitelist.csv,2,FALSE
tabla,D:/delitos_inmigracion_espana_MIN/output/tables/14_he_bad_mapping_rows.csv,output/tables/14_he_bad_mapping_rows.csv,../output/tables/14_he_bad_mapping_rows.csv,output/tables/14_he_bad_mapping_rows.csv,../output/tables/14_he_bad_mapping_rows.csv,1,FALSE
tabla,D:/delitos_inmigracion_espana_MIN/output/tables/detenciones_tabla_long.csv,output/tables/detenciones_tabla_long.csv,../output/tables/detenciones_tabla_long.csv,output/tables/detenciones_tabla_long.csv,../output/tables/detenciones_tabla_long.csv,1,FALSE
tabla,D:/delitos_inmigracion_espana_MIN/output/tables/14_he_nacional_vs_sum_ccaa.csv,output/tables/14_he_nacional_vs_sum_ccaa.csv,../output/tables/14_he_nacional_vs_sum_ccaa.csv,output/tables/14_he_nacional_vs_sum_ccaa.csv,../output/tables/14_he_nacional_vs_sum_ccaa.csv,1,FALSE
tabla,D:/delitos_inmigracion_espana_MIN/output/tables/detenciones_tabla_wide.csv,output/tables/detenciones_tabla_wide.csv,../output/tables/detenciones_tabla_wide.csv,output/tables/detenciones_tabla_wide.csv,../output/tables/detenciones_tabla_wide.csv,1,FALSE
tabla,D:/delitos_inmigracion_espana_MIN/output/tables/32_violentos_fijos_nocovid.csv,output/tables/32_violentos_fijos_nocovid.csv,../output/tables/32_violentos_fijos_nocovid.csv,output/tables/32_violentos_fijos_nocovid.csv,../output/tables/32_violentos_fijos_nocovid.csv,1,FALSE
tabla,D:/delitos_inmigracion_espana_MIN/output/tables/32_violentos_vs_extranjeros.csv,output/tables/32_violentos_vs_extranjeros.csv,../output/tables/32_violentos_vs_extranjeros.csv,output/tables/32_violentos_vs_extranjeros.csv,../output/tables/32_violentos_vs_extranjeros.csv,1,FALSE
tabla,D:/delitos_inmigracion_espana_MIN/output/tables/19_correlations_pearson.csv,output/tables/19_correlations_pearson.csv,../output/tables/19_correlations_pearson.csv,output/tables/19_correlations_pearson.csv,../output/tables/19_correlations_pearson.csv,1,FALSE
tabla,D:/delitos_inmigracion_espana_MIN/output/tables/19_correlations_spearman.csv,output/tables/19_correlations_spearman.csv,../output/tables/19_correlations_spearman.csv,output/tables/19_correlations_spearman.csv,../output/tables/19_correlations_spearman.csv,1,FALSE
tabla,D:/delitos_inmigracion_espana_MIN/output/tables/detenciones_violentos_top5_pct_ext.csv,output/tables/detenciones_violentos_top5_pct_ext.csv,../output/tables/detenciones_violentos_top5_pct_ext.csv,output/tables/detenciones_violentos_top5_pct_ext.csv,../output/tables/detenciones_violentos_top5_pct_ext.csv,1,FALSE
tabla,D:/delitos_inmigracion_espana_MIN/output/tables/_data_preview/data_processed_arope_csv_HEAD50.csv,output/tables/_data_preview/data_processed_arope_csv_HEAD50.csv,../output/tables/_data_preview/data_processed_arope_csv_HEAD50.csv,output/tables/_data_preview/data_processed_arope_csv_HEAD50.csv,../output/tables/_data_preview/data_processed_arope_csv_HEAD50.csv,1,FALSE
tabla,D:/delitos_inmigracion_espana_MIN/output/tables/_data_preview/data_processed_core_indicadores_con_controles_csv_HEAD50.csv,output/tables/_data_preview/data_processed_core_indicadores_con_controles_csv_HEAD50.csv,../output/tables/_data_preview/data_processed_core_indicadores_con_controles_csv_HEAD50.csv,output/tables/_data_preview/data_processed_core_indicadores_con_controles_csv_HEAD50.csv,../output/tables/_data_preview/data_processed_core_indicadores_con_controles_csv_HEAD50.csv,1,FALSE
tabla,D:/delitos_inmigracion_espana_MIN/output/tables/_data_preview/data_processed_core_indicadores_con_pib_csv_HEAD50.csv,output/tables/_data_preview/data_processed_core_indicadores_con_pib_csv_HEAD50.csv,../output/tables/_data_preview/data_processed_core_indicadores_con_pib_csv_HEAD50.csv,output/tables/_data_preview/data_processed_core_indicadores_con_pib_csv_HEAD50.csv,../output/tables/_data_preview/data_processed_core_indicadores_con_pib_csv_HEAD50.csv,1,FALSE
tabla,D:/delitos_inmigracion_espana_MIN/output/tables/13_violentos5_series_anual_largo.csv,output/tables/13_violentos5_series_anual_largo.csv,../output/tables/13_violentos5_series_anual_largo.csv,output/tables/13_violentos5_series_anual_largo.csv,../output/tables/13_violentos5_series_anual_largo.csv,1,FALSE
tabla,D:/delitos_inmigracion_espana_MIN/output/tables/inspect_domain_tipologia_penal_hechos_conocidos.csv,output/tables/inspect_domain_tipologia_penal_hechos_conocidos.csv,../output/tables/inspect_domain_tipologia_penal_hechos_conocidos.csv,output/tables/inspect_domain_tipologia_penal_hechos_conocidos.csv,../output/tables/inspect_domain_tipologia_penal_hechos_conocidos.csv,1,FALSE
tabla,D:/delitos_inmigracion_espana_MIN/output/tables/inspect_domain_tipologia_penal_hechos_esclarecidos.csv,output/tables/inspect_domain_tipologia_penal_hechos_esclarecidos.csv,../output/tables/inspect_domain_tipologia_penal_hechos_esclarecidos.csv,output/tables/inspect_domain_tipologia_penal_hechos_esclarecidos.csv,../output/tables/inspect_domain_tipologia_penal_hechos_esclarecidos.csv,1,FALSE
tabla,D:/delitos_inmigracion_espana_MIN/output/tables/13b_catalogo_tipologias_variantes.csv,output/tables/13b_catalogo_tipologias_variantes.csv,../output/tables/13b_catalogo_tipologias_variantes.csv,output/tables/13b_catalogo_tipologias_variantes.csv,../output/tables/13b_catalogo_tipologias_variantes.csv,1,FALSE
tabla,D:/delitos_inmigracion_espana_MIN/output/tables/inspect_uniques_hechos_conocidos.csv,output/tables/inspect_uniques_hechos_conocidos.csv,../output/tables/inspect_uniques_hechos_conocidos.csv,output/tables/inspect_uniques_hechos_conocidos.csv,../output/tables/inspect_uniques_hechos_conocidos.csv,1,FALSE
tabla,D:/delitos_inmigracion_espana_MIN/output/tables/inspect_uniques_hechos_esclarecidos.csv,output/tables/inspect_uniques_hechos_esclarecidos.csv,../output/tables/inspect_uniques_hechos_esclarecidos.csv,output/tables/inspect_uniques_hechos_esclarecidos.csv,../output/tables/inspect_uniques_hechos_esclarecidos.csv,1,FALSE
tabla,D:/delitos_inmigracion_espana_MIN/output/tables/inspect_uniques_hechos_esclarecidos_HE.csv,output/tables/inspect_uniques_hechos_esclarecidos_HE.csv,../output/tables/inspect_uniques_hechos_esclarecidos_HE.csv,output/tables/inspect_uniques_hechos_esclarecidos_HE.csv,../output/tables/inspect_uniques_hechos_esclarecidos_HE.csv,1,FALSE
tabla,D:/delitos_inmigracion_espana_MIN/output/tables/_data_preview/data_processed_core_indicadores_csv_HEAD50.csv,output/tables/_data_preview/data_processed_core_indicadores_csv_HEAD50.csv,../output/tables/_data_preview/data_processed_core_indicadores_csv_HEAD50.csv,output/tables/_data_preview/data_processed_core_indicadores_csv_HEAD50.csv,../output/tables/_data_preview/data_processed_core_indicadores_csv_HEAD50.csv,1,FALSE
tabla,D:/delitos_inmigracion_espana_MIN/output/tables/qa_hc_cobertura_por_tipo.csv,output/tables/qa_hc_cobertura_por_tipo.csv,../output/tables/qa_hc_cobertura_por_tipo.csv,output/tables/qa_hc_cobertura_por_tipo.csv,../output/tables/qa_hc_cobertura_por_tipo.csv,1,FALSE
tabla,D:/delitos_inmigracion_espana_MIN/output/tables/qa_he_cobertura_por_tipo.csv,output/tables/qa_he_cobertura_por_tipo.csv,../output/tables/qa_he_cobertura_por_tipo.csv,output/tables/qa_he_cobertura_por_tipo.csv,../output/tables/qa_he_cobertura_por_tipo.csv,1,FALSE
tabla,D:/delitos_inmigracion_espana_MIN/output/tables/32_missing_suggestions.csv,output/tables/32_missing_suggestions.csv,../output/tables/32_missing_suggestions.csv,output/tables/32_missing_suggestions.csv,../output/tables/32_missing_suggestions.csv,1,FALSE
tabla,D:/delitos_inmigracion_espana_MIN/output/tables/_data_preview/data_processed_core_indicadores_derivadas_csv_HEAD50.csv,output/tables/_data_preview/data_processed_core_indicadores_derivadas_csv_HEAD50.csv,../output/tables/_data_preview/data_processed_core_indicadores_derivadas_csv_HEAD50.csv,output/tables/_data_preview/data_processed_core_indicadores_derivadas_csv_HEAD50.csv,../output/tables/_data_preview/data_processed_core_indicadores_derivadas_csv_HEAD50.csv,1,FALSE
tabla,D:/delitos_inmigracion_espana_MIN/output/tables/22_qc_tasas.csv,output/tables/22_qc_tasas.csv,../output/tables/22_qc_tasas.csv,output/tables/22_qc_tasas.csv,../output/tables/22_qc_tasas.csv,1,FALSE
tabla,D:/delitos_inmigracion_espana_MIN/output/tables/inspect_uniques_tasas_paro.csv,output/tables/inspect_uniques_tasas_paro.csv,../output/tables/inspect_uniques_tasas_paro.csv,output/tables/inspect_uniques_tasas_paro.csv,../output/tables/inspect_uniques_tasas_paro.csv,1,FALSE
tabla,D:/delitos_inmigracion_espana_MIN/output/tables/qa_summary_checks.csv,output/tables/qa_summary_checks.csv,../output/tables/qa_summary_checks.csv,output/tables/qa_summary_checks.csv,../output/tables/qa_summary_checks.csv,1,FALSE
tabla,D:/delitos_inmigracion_espana_MIN/output/tables/_data_preview/data_processed_arope_componentes_csv_HEAD50.csv,output/tables/_data_preview/data_processed_arope_componentes_csv_HEAD50.csv,../output/tables/_data_preview/data_processed_arope_componentes_csv_HEAD50.csv,output/tables/_data_preview/data_processed_arope_componentes_csv_HEAD50.csv,../output/tables/_data_preview/data_processed_arope_componentes_csv_HEAD50.csv,1,FALSE
tabla,D:/delitos_inmigracion_espana_MIN/output/tables/14_det_qc_fuentes_comparativa.csv,output/tables/14_det_qc_fuentes_comparativa.csv,../output/tables/14_det_qc_fuentes_comparativa.csv,output/tables/14_det_qc_fuentes_comparativa.csv,../output/tables/14_det_qc_fuentes_comparativa.csv,1,FALSE
tabla,D:/delitos_inmigracion_espana_MIN/output/tables/24_granger_diag.csv,output/tables/24_granger_diag.csv,../output/tables/24_granger_diag.csv,output/tables/24_granger_diag.csv,../output/tables/24_granger_diag.csv,1,FALSE
tabla,D:/delitos_inmigracion_espana_MIN/output/tables/31_top5_violentos_vs_extranjeros.csv,output/tables/31_top5_violentos_vs_extranjeros.csv,../output/tables/31_top5_violentos_vs_extranjeros.csv,output/tables/31_top5_violentos_vs_extranjeros.csv,../output/tables/31_top5_violentos_vs_extranjeros.csv,1,FALSE
tabla,D:/delitos_inmigracion_espana_MIN/output/tables/_data_preview/data_processed_activos_16_29_bins_anual_csv_HEAD50.csv,output/tables/_data_preview/data_processed_activos_16_29_bins_anual_csv_HEAD50.csv,../output/tables/_data_preview/data_processed_activos_16_29_bins_anual_csv_HEAD50.csv,output/tables/_data_preview/data_processed_activos_16_29_bins_anual_csv_HEAD50.csv,../output/tables/_data_preview/data_processed_activos_16_29_bins_anual_csv_HEAD50.csv,1,FALSE
tabla,D:/delitos_inmigracion_espana_MIN/output/tables/13_qc_summary_checks.csv,output/tables/13_qc_summary_checks.csv,../output/tables/13_qc_summary_checks.csv,output/tables/13_qc_summary_checks.csv,../output/tables/13_qc_summary_checks.csv,1,FALSE
tabla,D:/delitos_inmigracion_espana_MIN/output/tables/inspect_domain_comunidades_autonomas_hechos_conocidos.csv,output/tables/inspect_domain_comunidades_autonomas_hechos_conocidos.csv,../output/tables/inspect_domain_comunidades_autonomas_hechos_conocidos.csv,output/tables/inspect_domain_comunidades_autonomas_hechos_conocidos.csv,../output/tables/inspect_domain_comunidades_autonomas_hechos_conocidos.csv,1,FALSE
tabla,D:/delitos_inmigracion_espana_MIN/output/tables/inspect_domain_comunidades_autonomas_hechos_esclarecidos.csv,output/tables/inspect_domain_comunidades_autonomas_hechos_esclarecidos.csv,../output/tables/inspect_domain_comunidades_autonomas_hechos_esclarecidos.csv,output/tables/inspect_domain_comunidades_autonomas_hechos_esclarecidos.csv,../output/tables/inspect_domain_comunidades_autonomas_hechos_esclarecidos.csv,1,FALSE
tabla,D:/delitos_inmigracion_espana_MIN/output/tables/20_schema_der.csv,output/tables/20_schema_der.csv,../output/tables/20_schema_der.csv,output/tables/20_schema_der.csv,../output/tables/20_schema_der.csv,1,FALSE
tabla,D:/delitos_inmigracion_espana_MIN/output/tables/14_he_qa_summary.csv,output/tables/14_he_qa_summary.csv,../output/tables/14_he_qa_summary.csv,output/tables/14_he_qa_summary.csv,../output/tables/14_he_qa_summary.csv,1,FALSE
tabla,D:/delitos_inmigracion_espana_MIN/output/tables/13_violentos5_series_anual_ancho.csv,output/tables/13_violentos5_series_anual_ancho.csv,../output/tables/13_violentos5_series_anual_ancho.csv,output/tables/13_violentos5_series_anual_ancho.csv,../output/tables/13_violentos5_series_anual_ancho.csv,1,FALSE
tabla,D:/delitos_inmigracion_espana_MIN/output/tables/24_granger_resumen_FDR.csv,output/tables/24_granger_resumen_FDR.csv,../output/tables/24_granger_resumen_FDR.csv,output/tables/24_granger_resumen_FDR.csv,../output/tables/24_granger_resumen_FDR.csv,1,FALSE
tabla,D:/delitos_inmigracion_espana_MIN/output/tables/detenciones_violentos_top5_like13.csv,output/tables/detenciones_violentos_top5_like13.csv,../output/tables/detenciones_violentos_top5_like13.csv,output/tables/detenciones_violentos_top5_like13.csv,../output/tables/detenciones_violentos_top5_like13.csv,1,FALSE
tabla,D:/delitos_inmigracion_espana_MIN/output/tables/24_granger_results.csv,output/tables/24_granger_results.csv,../output/tables/24_granger_results.csv,output/tables/24_granger_results.csv,../output/tables/24_granger_results.csv,1,FALSE
tabla,D:/delitos_inmigracion_espana_MIN/output/tables/14_he_total_vs_suma_categorias.csv,output/tables/14_he_total_vs_suma_categorias.csv,../output/tables/14_he_total_vs_suma_categorias.csv,output/tables/14_he_total_vs_suma_categorias.csv,../output/tables/14_he_total_vs_suma_categorias.csv,1,FALSE
tabla,D:/delitos_inmigracion_espana_MIN/output/tables/inspect_profile_hechos_conocidos.csv,output/tables/inspect_profile_hechos_conocidos.csv,../output/tables/inspect_profile_hechos_conocidos.csv,output/tables/inspect_profile_hechos_conocidos.csv,../output/tables/inspect_profile_hechos_conocidos.csv,1,FALSE
tabla,D:/delitos_inmigracion_espana_MIN/output/tables/inspect_profile_hechos_esclarecidos.csv,output/tables/inspect_profile_hechos_esclarecidos.csv,../output/tables/inspect_profile_hechos_esclarecidos.csv,output/tables/inspect_profile_hechos_esclarecidos.csv,../output/tables/inspect_profile_hechos_esclarecidos.csv,1,FALSE
tabla,D:/delitos_inmigracion_espana_MIN/output/tables/inspect_profile_hechos_esclarecidos_HE.csv,output/tables/inspect_profile_hechos_esclarecidos_HE.csv,../output/tables/inspect_profile_hechos_esclarecidos_HE.csv,output/tables/inspect_profile_hechos_esclarecidos_HE.csv,../output/tables/inspect_profile_hechos_esclarecidos_HE.csv,1,FALSE
tabla,D:/delitos_inmigracion_espana_MIN/output/tables/qa_summary_checks_map_regiones.csv,output/tables/qa_summary_checks_map_regiones.csv,../output/tables/qa_summary_checks_map_regiones.csv,output/tables/qa_summary_checks_map_regiones.csv,../output/tables/qa_summary_checks_map_regiones.csv,1,FALSE
tabla,D:/delitos_inmigracion_espana_MIN/output/tables/14_he_summary_checks.csv,output/tables/14_he_summary_checks.csv,../output/tables/14_he_summary_checks.csv,output/tables/14_he_summary_checks.csv,../output/tables/14_he_summary_checks.csv,1,FALSE
tabla,D:/delitos_inmigracion_espana_MIN/output/tables/32_correlaciones.csv,output/tables/32_correlaciones.csv,../output/tables/32_correlaciones.csv,output/tables/32_correlaciones.csv,../output/tables/32_correlaciones.csv,1,FALSE
tabla,D:/delitos_inmigracion_espana_MIN/output/tables/32_correlaciones_delta.csv,output/tables/32_correlaciones_delta.csv,../output/tables/32_correlaciones_delta.csv,output/tables/32_correlaciones_delta.csv,../output/tables/32_correlaciones_delta.csv,1,FALSE
tabla,D:/delitos_inmigracion_espana_MIN/output/tables/qa_map_regiones_variantes_por_ccaa.csv,output/tables/qa_map_regiones_variantes_por_ccaa.csv,../output/tables/qa_map_regiones_variantes_por_ccaa.csv,output/tables/qa_map_regiones_variantes_por_ccaa.csv,../output/tables/qa_map_regiones_variantes_por_ccaa.csv,1,FALSE
tabla,D:/delitos_inmigracion_espana_MIN/output/tables/14_coherence_summary.csv,output/tables/14_coherence_summary.csv,../output/tables/14_coherence_summary.csv,output/tables/14_coherence_summary.csv,../output/tables/14_coherence_summary.csv,1,FALSE
tabla,D:/delitos_inmigracion_espana_MIN/output/tables/inspect_profile_tasas_paro.csv,output/tables/inspect_profile_tasas_paro.csv,../output/tables/inspect_profile_tasas_paro.csv,output/tables/inspect_profile_tasas_paro.csv,../output/tables/inspect_profile_tasas_paro.csv,1,FALSE
tabla,D:/delitos_inmigracion_espana_MIN/output/tables/20_corr_niveles_incl_covid.csv,output/tables/20_corr_niveles_incl_covid.csv,../output/tables/20_corr_niveles_incl_covid.csv,output/tables/20_corr_niveles_incl_covid.csv,../output/tables/20_corr_niveles_incl_covid.csv,1,FALSE
tabla,D:/delitos_inmigracion_espana_MIN/output/tables/20_schema_core.csv,output/tables/20_schema_core.csv,../output/tables/20_schema_core.csv,output/tables/20_schema_core.csv,../output/tables/20_schema_core.csv,1,FALSE
tabla,D:/delitos_inmigracion_espana_MIN/output/tables/20b_qc_core_vars.csv,output/tables/20b_qc_core_vars.csv,../output/tables/20b_qc_core_vars.csv,output/tables/20b_qc_core_vars.csv,../output/tables/20b_qc_core_vars.csv,1,FALSE
tabla,D:/delitos_inmigracion_espana_MIN/output/tables/14_he_coverage_years.csv,output/tables/14_he_coverage_years.csv,../output/tables/14_he_coverage_years.csv,output/tables/14_he_coverage_years.csv,../output/tables/14_he_coverage_years.csv,1,FALSE
tabla,D:/delitos_inmigracion_espana_MIN/output/tables/SCHEMA_deltas_all.csv,output/tables/SCHEMA_deltas_all.csv,../output/tables/SCHEMA_deltas_all.csv,output/tables/SCHEMA_deltas_all.csv,../output/tables/SCHEMA_deltas_all.csv,1,FALSE
tabla,D:/delitos_inmigracion_espana_MIN/output/tables/SCHEMA_niveles_all.csv,output/tables/SCHEMA_niveles_all.csv,../output/tables/SCHEMA_niveles_all.csv,output/tables/SCHEMA_niveles_all.csv,../output/tables/SCHEMA_niveles_all.csv,1,FALSE
tabla,D:/delitos_inmigracion_espana_MIN/output/tables/_data_preview/data_processed_arope_total_csv_HEAD50.csv,output/tables/_data_preview/data_processed_arope_total_csv_HEAD50.csv,../output/tables/_data_preview/data_processed_arope_total_csv_HEAD50.csv,output/tables/_data_preview/data_processed_arope_total_csv_HEAD50.csv,../output/tables/_data_preview/data_processed_arope_total_csv_HEAD50.csv,1,FALSE
tabla,D:/delitos_inmigracion_espana_MIN/output/tables/14_he_cov_years.csv,output/tables/14_he_cov_years.csv,../output/tables/14_he_cov_years.csv,output/tables/14_he_cov_years.csv,../output/tables/14_he_cov_years.csv,1,FALSE
tabla,D:/delitos_inmigracion_espana_MIN/output/tables/20b_qc_der_vars.csv,output/tables/20b_qc_der_vars.csv,../output/tables/20b_qc_der_vars.csv,output/tables/20b_qc_der_vars.csv,../output/tables/20b_qc_der_vars.csv,1,FALSE
tabla,D:/delitos_inmigracion_espana_MIN/output/tables/qa_he_cobertura.csv,output/tables/qa_he_cobertura.csv,../output/tables/qa_he_cobertura.csv,output/tables/qa_he_cobertura.csv,../output/tables/qa_he_cobertura.csv,1,FALSE
tabla,D:/delitos_inmigracion_espana_MIN/output/tables/qa_hc_cobertura.csv,output/tables/qa_hc_cobertura.csv,../output/tables/qa_hc_cobertura.csv,output/tables/qa_hc_cobertura.csv,../output/tables/qa_hc_cobertura.csv,1,FALSE
tabla,D:/delitos_inmigracion_espana_MIN/output/tables/qa_hc13b_origen.csv,output/tables/qa_hc13b_origen.csv,../output/tables/qa_hc13b_origen.csv,output/tables/qa_hc13b_origen.csv,../output/tables/qa_hc13b_origen.csv,1,FALSE
tabla,D:/delitos_inmigracion_espana_MIN/output/tables/14_he_unit_detection.csv,output/tables/14_he_unit_detection.csv,../output/tables/14_he_unit_detection.csv,output/tables/14_he_unit_detection.csv,../output/tables/14_he_unit_detection.csv,1,FALSE
tabla,D:/delitos_inmigracion_espana_MIN/output/tables/qa_hc_origen_total_infracciones.csv,output/tables/qa_hc_origen_total_infracciones.csv,../output/tables/qa_hc_origen_total_infracciones.csv,output/tables/qa_hc_origen_total_infracciones.csv,../output/tables/qa_hc_origen_total_infracciones.csv,1,FALSE
tabla,D:/delitos_inmigracion_espana_MIN/output/tables/14_coherence_anomalies.csv,output/tables/14_coherence_anomalies.csv,../output/tables/14_coherence_anomalies.csv,output/tables/14_coherence_anomalies.csv,../output/tables/14_coherence_anomalies.csv,1,FALSE
tabla,D:/delitos_inmigracion_espana_MIN/output/tables/14a_cols_hc.csv,output/tables/14a_cols_hc.csv,../output/tables/14a_cols_hc.csv,output/tables/14a_cols_hc.csv,../output/tables/14a_cols_hc.csv,1,FALSE
tabla,D:/delitos_inmigracion_espana_MIN/output/tables/14a_cols_he.csv,output/tables/14a_cols_he.csv,../output/tables/14a_cols_he.csv,output/tables/14a_cols_he.csv,../output/tables/14a_cols_he.csv,1,FALSE
tabla,D:/delitos_inmigracion_espana_MIN/output/tables/14_he_regiones_especiales_counts.csv,output/tables/14_he_regiones_especiales_counts.csv,../output/tables/14_he_regiones_especiales_counts.csv,output/tables/14_he_regiones_especiales_counts.csv,../output/tables/14_he_regiones_especiales_counts.csv,1,FALSE
tabla,D:/delitos_inmigracion_espana_MIN/output/tables/inspect_cols_hechos_conocidos.csv,output/tables/inspect_cols_hechos_conocidos.csv,../output/tables/inspect_cols_hechos_conocidos.csv,output/tables/inspect_cols_hechos_conocidos.csv,../output/tables/inspect_cols_hechos_conocidos.csv,1,FALSE
tabla,D:/delitos_inmigracion_espana_MIN/output/tables/inspect_cols_hechos_esclarecidos.csv,output/tables/inspect_cols_hechos_esclarecidos.csv,../output/tables/inspect_cols_hechos_esclarecidos.csv,output/tables/inspect_cols_hechos_esclarecidos.csv,../output/tables/inspect_cols_hechos_esclarecidos.csv,1,FALSE
tabla,D:/delitos_inmigracion_espana_MIN/output/tables/inspect_cols_hechos_esclarecidos_HE.csv,output/tables/inspect_cols_hechos_esclarecidos_HE.csv,../output/tables/inspect_cols_hechos_esclarecidos_HE.csv,output/tables/inspect_cols_hechos_esclarecidos_HE.csv,../output/tables/inspect_cols_hechos_esclarecidos_HE.csv,1,FALSE
tabla,D:/delitos_inmigracion_espana_MIN/output/tables/20_schema_ext.csv,output/tables/20_schema_ext.csv,../output/tables/20_schema_ext.csv,output/tables/20_schema_ext.csv,../output/tables/20_schema_ext.csv,1,FALSE
tabla,D:/delitos_inmigracion_espana_MIN/output/tables/20_schema_px.csv,output/tables/20_schema_px.csv,../output/tables/20_schema_px.csv,output/tables/20_schema_px.csv,../output/tables/20_schema_px.csv,1,FALSE
tabla,D:/delitos_inmigracion_espana_MIN/output/tables/20_schema_tot.csv,output/tables/20_schema_tot.csv,../output/tables/20_schema_tot.csv,output/tables/20_schema_tot.csv,../output/tables/20_schema_tot.csv,1,FALSE
tabla,D:/delitos_inmigracion_espana_MIN/output/tables/12b_qc_sin_valores.csv,output/tables/12b_qc_sin_valores.csv,../output/tables/12b_qc_sin_valores.csv,output/tables/12b_qc_sin_valores.csv,../output/tables/12b_qc_sin_valores.csv,1,FALSE
tabla,D:/delitos_inmigracion_espana_MIN/output/tables/inspect_cols_tasas_paro.csv,output/tables/inspect_cols_tasas_paro.csv,../output/tables/inspect_cols_tasas_paro.csv,output/tables/inspect_cols_tasas_paro.csv,../output/tables/inspect_cols_tasas_paro.csv,1,FALSE
tabla,D:/delitos_inmigracion_espana_MIN/output/tables/14_he_dups_keys.csv,output/tables/14_he_dups_keys.csv,../output/tables/14_he_dups_keys.csv,output/tables/14_he_dups_keys.csv,../output/tables/14_he_dups_keys.csv,1,FALSE
tabla,D:/delitos_inmigracion_espana_MIN/output/tables/_project_files.csv,output/tables/_project_files.csv,../output/tables/_project_files.csv,output/tables/_project_files.csv,../output/tables/_project_files.csv,0,FALSE
tabla,D:/delitos_inmigracion_espana_MIN/output/tables/13_qc_nacional_vs_suma_ccaa.csv,output/tables/13_qc_nacional_vs_suma_ccaa.csv,../output/tables/13_qc_nacional_vs_suma_ccaa.csv,output/tables/13_qc_nacional_vs_suma_ccaa.csv,../output/tables/13_qc_nacional_vs_suma_ccaa.csv,0,FALSE
tabla,D:/delitos_inmigracion_espana_MIN/output/tables/_scripts_io.csv,output/tables/_scripts_io.csv,../output/tables/_scripts_io.csv,output/tables/_scripts_io.csv,../output/tables/_scripts_io.csv,0,FALSE
tabla,D:/delitos_inmigracion_espana_MIN/output/tables/18_stationarity.csv,output/tables/18_stationarity.csv,../output/tables/18_stationarity.csv,output/tables/18_stationarity.csv,../output/tables/18_stationarity.csv,0,FALSE
tabla,D:/delitos_inmigracion_espana_MIN/output/tables/16_det_ext_sexo_total_vs_suma.csv,output/tables/16_det_ext_sexo_total_vs_suma.csv,../output/tables/16_det_ext_sexo_total_vs_suma.csv,output/tables/16_det_ext_sexo_total_vs_suma.csv,../output/tables/16_det_ext_sexo_total_vs_suma.csv,0,FALSE
tabla,D:/delitos_inmigracion_espana_MIN/output/tables/17_pib_qa_filtros.csv,output/tables/17_pib_qa_filtros.csv,../output/tables/17_pib_qa_filtros.csv,output/tables/17_pib_qa_filtros.csv,../output/tables/17_pib_qa_filtros.csv,0,FALSE
tabla,D:/delitos_inmigracion_espana_MIN/output/tables/cov_poblacion_uniques_sample.csv,output/tables/cov_poblacion_uniques_sample.csv,../output/tables/cov_poblacion_uniques_sample.csv,output/tables/cov_poblacion_uniques_sample.csv,../output/tables/cov_poblacion_uniques_sample.csv,0,FALSE
tabla,D:/delitos_inmigracion_espana_MIN/output/tables/corr_fdr.csv,output/tables/corr_fdr.csv,../output/tables/corr_fdr.csv,output/tables/corr_fdr.csv,../output/tables/corr_fdr.csv,0,FALSE
tabla,D:/delitos_inmigracion_espana_MIN/output/tables/qa_audit_folder_reads_v2.csv,output/tables/qa_audit_folder_reads_v2.csv,../output/tables/qa_audit_folder_reads_v2.csv,output/tables/qa_audit_folder_reads_v2.csv,../output/tables/qa_audit_folder_reads_v2.csv,0,FALSE
tabla,D:/delitos_inmigracion_espana_MIN/output/tables/32_violentos_fijos.csv,output/tables/32_violentos_fijos.csv,../output/tables/32_violentos_fijos.csv,output/tables/32_violentos_fijos.csv,../output/tables/32_violentos_fijos.csv,0,FALSE
tabla,D:/delitos_inmigracion_espana_MIN/output/tables/qa_audit_folder_reads.csv,output/tables/qa_audit_folder_reads.csv,../output/tables/qa_audit_folder_reads.csv,output/tables/qa_audit_folder_reads.csv,../output/tables/qa_audit_folder_reads.csv,0,FALSE
tabla,D:/delitos_inmigracion_espana_MIN/output/tables/20_preview_der.csv,output/tables/20_preview_der.csv,../output/tables/20_preview_der.csv,output/tables/20_preview_der.csv,../output/tables/20_preview_der.csv,0,FALSE
tabla,D:/delitos_inmigracion_espana_MIN/output/tables/qc_epa_periodo_edad_sexo_unique_sample.csv,output/tables/qc_epa_periodo_edad_sexo_unique_sample.csv,../output/tables/qc_epa_periodo_edad_sexo_unique_sample.csv,output/tables/qc_epa_periodo_edad_sexo_unique_sample.csv,../output/tables/qc_epa_periodo_edad_sexo_unique_sample.csv,0,FALSE
tabla,D:/delitos_inmigracion_espana_MIN/output/tables/qc_paro_parse_periodo_samples.csv,output/tables/qc_paro_parse_periodo_samples.csv,../output/tables/qc_paro_parse_periodo_samples.csv,output/tables/qc_paro_parse_periodo_samples.csv,../output/tables/qc_paro_parse_periodo_samples.csv,0,FALSE
tabla,D:/delitos_inmigracion_espana_MIN/output/tables/corr_niveles.csv,output/tables/corr_niveles.csv,../output/tables/corr_niveles.csv,output/tables/corr_niveles.csv,../output/tables/corr_niveles.csv,0,FALSE
tabla,D:/delitos_inmigracion_espana_MIN/output/tables/18_stationarity_summary.csv,output/tables/18_stationarity_summary.csv,../output/tables/18_stationarity_summary.csv,output/tables/18_stationarity_summary.csv,../output/tables/18_stationarity_summary.csv,0,FALSE
tabla,D:/delitos_inmigracion_espana_MIN/output/tables/corr_deltas.csv,output/tables/corr_deltas.csv,../output/tables/corr_deltas.csv,output/tables/corr_deltas.csv,../output/tables/corr_deltas.csv,0,FALSE
tabla,D:/delitos_inmigracion_espana_MIN/output/tables/cov_poblacion_15_29.csv,output/tables/cov_poblacion_15_29.csv,../output/tables/cov_poblacion_15_29.csv,output/tables/cov_poblacion_15_29.csv,../output/tables/cov_poblacion_15_29.csv,0,FALSE
tabla,D:/delitos_inmigracion_espana_MIN/output/tables/qc_paro_bins_cobertura.csv,output/tables/qc_paro_bins_cobertura.csv,../output/tables/qc_paro_bins_cobertura.csv,output/tables/qc_paro_bins_cobertura.csv,../output/tables/qc_paro_bins_cobertura.csv,0,FALSE
tabla,D:/delitos_inmigracion_espana_MIN/output/tables/inspect_uniques_map_tipologias_maps.csv,output/tables/inspect_uniques_map_tipologias_maps.csv,../output/tables/inspect_uniques_map_tipologias_maps.csv,output/tables/inspect_uniques_map_tipologias_maps.csv,../output/tables/inspect_uniques_map_tipologias_maps.csv,0,FALSE
tabla,D:/delitos_inmigracion_espana_MIN/output/tables/qc_epa_activos_cobertura.csv,output/tables/qc_epa_activos_cobertura.csv,../output/tables/qc_epa_activos_cobertura.csv,output/tables/qc_epa_activos_cobertura.csv,../output/tables/qc_epa_activos_cobertura.csv,0,FALSE
tabla,D:/delitos_inmigracion_espana_MIN/output/tables/corr_parciales.csv,output/tables/corr_parciales.csv,../output/tables/corr_parciales.csv,output/tables/corr_parciales.csv,../output/tables/corr_parciales.csv,0,FALSE
tabla,D:/delitos_inmigracion_espana_MIN/output/tables/qa_map_regiones_fuera_catalogo_detalle.csv,output/tables/qa_map_regiones_fuera_catalogo_detalle.csv,../output/tables/qa_map_regiones_fuera_catalogo_detalle.csv,output/tables/qa_map_regiones_fuera_catalogo_detalle.csv,../output/tables/qa_map_regiones_fuera_catalogo_detalle.csv,0,FALSE
tabla,D:/delitos_inmigracion_espana_MIN/output/tables/20a_identidades_detalle.csv,output/tables/20a_identidades_detalle.csv,../output/tables/20a_identidades_detalle.csv,output/tables/20a_identidades_detalle.csv,../output/tables/20a_identidades_detalle.csv,0,FALSE
tabla,D:/delitos_inmigracion_espana_MIN/output/tables/19_qa_na_y_rangos.csv,output/tables/19_qa_na_y_rangos.csv,../output/tables/19_qa_na_y_rangos.csv,output/tables/19_qa_na_y_rangos.csv,../output/tables/19_qa_na_y_rangos.csv,0,FALSE
tabla,D:/delitos_inmigracion_espana_MIN/output/tables/16_det_ext_cobertura_por_tipo.csv,output/tables/16_det_ext_cobertura_por_tipo.csv,../output/tables/16_det_ext_cobertura_por_tipo.csv,output/tables/16_det_ext_cobertura_por_tipo.csv,../output/tables/16_det_ext_cobertura_por_tipo.csv,0,FALSE
tabla,D:/delitos_inmigracion_espana_MIN/output/tables/qa_det_tot_cobertura_por_tipo.csv,output/tables/qa_det_tot_cobertura_por_tipo.csv,../output/tables/qa_det_tot_cobertura_por_tipo.csv,output/tables/qa_det_tot_cobertura_por_tipo.csv,../output/tables/qa_det_tot_cobertura_por_tipo.csv,0,FALSE
tabla,D:/delitos_inmigracion_espana_MIN/output/tables/20_preview_core.csv,output/tables/20_preview_core.csv,../output/tables/20_preview_core.csv,output/tables/20_preview_core.csv,../output/tables/20_preview_core.csv,0,FALSE
tabla,D:/delitos_inmigracion_espana_MIN/output/tables/14_det_qc_share.csv,output/tables/14_det_qc_share.csv,../output/tables/14_det_qc_share.csv,output/tables/14_det_qc_share.csv,../output/tables/14_det_qc_share.csv,0,FALSE
tabla,D:/delitos_inmigracion_espana_MIN/output/tables/19_qc_summary_stats.csv,output/tables/19_qc_summary_stats.csv,../output/tables/19_qc_summary_stats.csv,output/tables/19_qc_summary_stats.csv,../output/tables/19_qc_summary_stats.csv,0,FALSE
tabla,D:/delitos_inmigracion_espana_MIN/output/tables/32_catalogo_tipos.csv,output/tables/32_catalogo_tipos.csv,../output/tables/32_catalogo_tipos.csv,output/tables/32_catalogo_tipos.csv,../output/tables/32_catalogo_tipos.csv,0,FALSE
tabla,D:/delitos_inmigracion_espana_MIN/output/tables/12b_qc_desviacion_cierre.csv,output/tables/12b_qc_desviacion_cierre.csv,../output/tables/12b_qc_desviacion_cierre.csv,output/tables/12b_qc_desviacion_cierre.csv,../output/tables/12b_qc_desviacion_cierre.csv,0,FALSE
tabla,D:/delitos_inmigracion_espana_MIN/output/tables/qc_paro_join_matrix.csv,output/tables/qc_paro_join_matrix.csv,../output/tables/qc_paro_join_matrix.csv,output/tables/qc_paro_join_matrix.csv,../output/tables/qc_paro_join_matrix.csv,0,FALSE
tabla,D:/delitos_inmigracion_espana_MIN/output/tables/inspect_uniques_epa_activos_16_29_trimestral.csv,output/tables/inspect_uniques_epa_activos_16_29_trimestral.csv,../output/tables/inspect_uniques_epa_activos_16_29_trimestral.csv,output/tables/inspect_uniques_epa_activos_16_29_trimestral.csv,../output/tables/inspect_uniques_epa_activos_16_29_trimestral.csv,0,FALSE
tabla,D:/delitos_inmigracion_espana_MIN/output/tables/inspect_uniques_map_regiones_maps.csv,output/tables/inspect_uniques_map_regiones_maps.csv,../output/tables/inspect_uniques_map_regiones_maps.csv,output/tables/inspect_uniques_map_regiones_maps.csv,../output/tables/inspect_uniques_map_regiones_maps.csv,0,FALSE
tabla,D:/delitos_inmigracion_espana_MIN/output/tables/qc_paro_rates_year.csv,output/tables/qc_paro_rates_year.csv,../output/tables/qc_paro_rates_year.csv,output/tables/qc_paro_rates_year.csv,../output/tables/qc_paro_rates_year.csv,0,FALSE
tabla,D:/delitos_inmigracion_espana_MIN/output/tables/qa_map_regiones_fuera_catalogo.csv,output/tables/qa_map_regiones_fuera_catalogo.csv,../output/tables/qa_map_regiones_fuera_catalogo.csv,output/tables/qa_map_regiones_fuera_catalogo.csv,../output/tables/qa_map_regiones_fuera_catalogo.csv,0,FALSE
tabla,D:/delitos_inmigracion_espana_MIN/output/tables/qa_det_tot_exclusion_regiones.csv,output/tables/qa_det_tot_exclusion_regiones.csv,../output/tables/qa_det_tot_exclusion_regiones.csv,output/tables/qa_det_tot_exclusion_regiones.csv,../output/tables/qa_det_tot_exclusion_regiones.csv,0,FALSE
tabla,D:/delitos_inmigracion_espana_MIN/output/tables/qc_paro_pesos_adj.csv,output/tables/qc_paro_pesos_adj.csv,../output/tables/qc_paro_pesos_adj.csv,output/tables/qc_paro_pesos_adj.csv,../output/tables/qc_paro_pesos_adj.csv,0,FALSE
tabla,D:/delitos_inmigracion_espana_MIN/output/tables/qa_core_pib.csv,output/tables/qa_core_pib.csv,../output/tables/qa_core_pib.csv,output/tables/qa_core_pib.csv,../output/tables/qa_core_pib.csv,0,FALSE
tabla,D:/delitos_inmigracion_espana_MIN/output/tables/55_toda_resumen_FDR.csv,output/tables/55_toda_resumen_FDR.csv,../output/tables/55_toda_resumen_FDR.csv,output/tables/55_toda_resumen_FDR.csv,../output/tables/55_toda_resumen_FDR.csv,0,FALSE
tabla,D:/delitos_inmigracion_espana_MIN/output/tables/16_det_ext_vs_suma.csv,output/tables/16_det_ext_vs_suma.csv,../output/tables/16_det_ext_vs_suma.csv,output/tables/16_det_ext_vs_suma.csv,../output/tables/16_det_ext_vs_suma.csv,0,FALSE
tabla,D:/delitos_inmigracion_espana_MIN/output/tables/55_toda_results.csv,output/tables/55_toda_results.csv,../output/tables/55_toda_results.csv,output/tables/55_toda_results.csv,../output/tables/55_toda_results.csv,0,FALSE
tabla,D:/delitos_inmigracion_espana_MIN/output/tables/13_qc_total_vs_suma_categorias.csv,output/tables/13_qc_total_vs_suma_categorias.csv,../output/tables/13_qc_total_vs_suma_categorias.csv,output/tables/13_qc_total_vs_suma_categorias.csv,../output/tables/13_qc_total_vs_suma_categorias.csv,0,FALSE
tabla,D:/delitos_inmigracion_espana_MIN/output/tables/qa_parse_tokens_3_ejemplos.csv,output/tables/qa_parse_tokens_3_ejemplos.csv,../output/tables/qa_parse_tokens_3_ejemplos.csv,output/tables/qa_parse_tokens_3_ejemplos.csv,../output/tables/qa_parse_tokens_3_ejemplos.csv,0,FALSE
tabla,D:/delitos_inmigracion_espana_MIN/output/tables/qa_parse_tokens_muestras.csv,output/tables/qa_parse_tokens_muestras.csv,../output/tables/qa_parse_tokens_muestras.csv,output/tables/qa_parse_tokens_muestras.csv,../output/tables/qa_parse_tokens_muestras.csv,0,FALSE
tabla,D:/delitos_inmigracion_espana_MIN/output/tables/cov_poblacion_16_29_aprox.csv,output/tables/cov_poblacion_16_29_aprox.csv,../output/tables/cov_poblacion_16_29_aprox.csv,output/tables/cov_poblacion_16_29_aprox.csv,../output/tables/cov_poblacion_16_29_aprox.csv,0,FALSE
tabla,D:/delitos_inmigracion_espana_MIN/output/tables/qc_paro_cobertura_anual_15_29.csv,output/tables/qc_paro_cobertura_anual_15_29.csv,../output/tables/qc_paro_cobertura_anual_15_29.csv,output/tables/qc_paro_cobertura_anual_15_29.csv,../output/tables/qc_paro_cobertura_anual_15_29.csv,0,FALSE
tabla,D:/delitos_inmigracion_espana_MIN/output/tables/20_corr_deltas_all.csv,output/tables/20_corr_deltas_all.csv,../output/tables/20_corr_deltas_all.csv,output/tables/20_corr_deltas_all.csv,../output/tables/20_corr_deltas_all.csv,0,FALSE
tabla,D:/delitos_inmigracion_espana_MIN/output/tables/99_qc_master_resumen.csv,output/tables/99_qc_master_resumen.csv,../output/tables/99_qc_master_resumen.csv,output/tables/99_qc_master_resumen.csv,../output/tables/99_qc_master_resumen.csv,0,FALSE
tabla,D:/delitos_inmigracion_espana_MIN/output/tables/20_pcor_deltas_all.csv,output/tables/20_pcor_deltas_all.csv,../output/tables/20_pcor_deltas_all.csv,output/tables/20_pcor_deltas_all.csv,../output/tables/20_pcor_deltas_all.csv,0,FALSE
tabla,D:/delitos_inmigracion_espana_MIN/output/tables/20_corr_niveles_all.csv,output/tables/20_corr_niveles_all.csv,../output/tables/20_corr_niveles_all.csv,output/tables/20_corr_niveles_all.csv,../output/tables/20_corr_niveles_all.csv,0,FALSE
tabla,D:/delitos_inmigracion_espana_MIN/output/tables/20_pcor_niveles_all.csv,output/tables/20_pcor_niveles_all.csv,../output/tables/20_pcor_niveles_all.csv,output/tables/20_pcor_niveles_all.csv,../output/tables/20_pcor_niveles_all.csv,0,FALSE
tabla,D:/delitos_inmigracion_espana_MIN/output/tables/12b_qc_cobertura_trimestral.csv,output/tables/12b_qc_cobertura_trimestral.csv,../output/tables/12b_qc_cobertura_trimestral.csv,output/tables/12b_qc_cobertura_trimestral.csv,../output/tables/12b_qc_cobertura_trimestral.csv,0,FALSE
tabla,D:/delitos_inmigracion_espana_MIN/output/tables/tokens_total_universo_util.csv,output/tables/tokens_total_universo_util.csv,../output/tables/tokens_total_universo_util.csv,output/tables/tokens_total_universo_util.csv,../output/tables/tokens_total_universo_util.csv,0,FALSE
tabla,D:/delitos_inmigracion_espana_MIN/output/tables/16_det_ext_consistencia.csv,output/tables/16_det_ext_consistencia.csv,../output/tables/16_det_ext_consistencia.csv,output/tables/16_det_ext_consistencia.csv,../output/tables/16_det_ext_consistencia.csv,0,FALSE
tabla,D:/delitos_inmigracion_espana_MIN/output/tables/13_qc_core_indicadores_resumen.csv,output/tables/13_qc_core_indicadores_resumen.csv,../output/tables/13_qc_core_indicadores_resumen.csv,output/tables/13_qc_core_indicadores_resumen.csv,../output/tables/13_qc_core_indicadores_resumen.csv,0,FALSE
tabla,D:/delitos_inmigracion_espana_MIN/output/tables/20_io_exists.csv,output/tables/20_io_exists.csv,../output/tables/20_io_exists.csv,output/tables/20_io_exists.csv,../output/tables/20_io_exists.csv,0,FALSE
tabla,D:/delitos_inmigracion_espana_MIN/output/tables/19_stationarity_adf.csv,output/tables/19_stationarity_adf.csv,../output/tables/19_stationarity_adf.csv,output/tables/19_stationarity_adf.csv,../output/tables/19_stationarity_adf.csv,0,FALSE
tabla,D:/delitos_inmigracion_espana_MIN/output/tables/16_det_ext_share_qc.csv,output/tables/16_det_ext_share_qc.csv,../output/tables/16_det_ext_share_qc.csv,output/tables/16_det_ext_share_qc.csv,../output/tables/16_det_ext_share_qc.csv,0,FALSE
tabla,D:/delitos_inmigracion_espana_MIN/output/tables/18_stationarity_summary_table_a10.csv,output/tables/18_stationarity_summary_table_a10.csv,../output/tables/18_stationarity_summary_table_a10.csv,output/tables/18_stationarity_summary_table_a10.csv,../output/tables/18_stationarity_summary_table_a10.csv,0,FALSE
tabla,D:/delitos_inmigracion_espana_MIN/output/tables/20_qc_outputs_overview.csv,output/tables/20_qc_outputs_overview.csv,../output/tables/20_qc_outputs_overview.csv,output/tables/20_qc_outputs_overview.csv,../output/tables/20_qc_outputs_overview.csv,0,FALSE
tabla,D:/delitos_inmigracion_espana_MIN/output/tables/19_qc_core_indicadores_resumen.csv,output/tables/19_qc_core_indicadores_resumen.csv,../output/tables/19_qc_core_indicadores_resumen.csv,output/tables/19_qc_core_indicadores_resumen.csv,../output/tables/19_qc_core_indicadores_resumen.csv,0,FALSE
tabla,D:/delitos_inmigracion_espana_MIN/output/tables/inspect_profile_map_tipologias_maps.csv,output/tables/inspect_profile_map_tipologias_maps.csv,../output/tables/inspect_profile_map_tipologias_maps.csv,output/tables/inspect_profile_map_tipologias_maps.csv,../output/tables/inspect_profile_map_tipologias_maps.csv,0,FALSE
tabla,D:/delitos_inmigracion_espana_MIN/output/tables/14_det_qc_resumen.csv,output/tables/14_det_qc_resumen.csv,../output/tables/14_det_qc_resumen.csv,output/tables/14_det_qc_resumen.csv,../output/tables/14_det_qc_resumen.csv,0,FALSE
tabla,D:/delitos_inmigracion_espana_MIN/output/tables/19_qa_cobertura.csv,output/tables/19_qa_cobertura.csv,../output/tables/19_qa_cobertura.csv,output/tables/19_qa_cobertura.csv,../output/tables/19_qa_cobertura.csv,0,FALSE
tabla,D:/delitos_inmigracion_espana_MIN/output/tables/tokens_total_global.csv,output/tables/tokens_total_global.csv,../output/tables/tokens_total_global.csv,output/tables/tokens_total_global.csv,../output/tables/tokens_total_global.csv,0,FALSE
tabla,D:/delitos_inmigracion_espana_MIN/output/tables/18_stationarity_summary_table.csv,output/tables/18_stationarity_summary_table.csv,../output/tables/18_stationarity_summary_table.csv,output/tables/18_stationarity_summary_table.csv,../output/tables/18_stationarity_summary_table.csv,0,FALSE
tabla,D:/delitos_inmigracion_espana_MIN/output/tables/16_det_ext_diag_sexo_vs_total.csv,output/tables/16_det_ext_diag_sexo_vs_total.csv,../output/tables/16_det_ext_diag_sexo_vs_total.csv,output/tables/16_det_ext_diag_sexo_vs_total.csv,../output/tables/16_det_ext_diag_sexo_vs_total.csv,0,FALSE
tabla,D:/delitos_inmigracion_espana_MIN/output/tables/qa_map_regiones_duplicados.csv,output/tables/qa_map_regiones_duplicados.csv,../output/tables/qa_map_regiones_duplicados.csv,output/tables/qa_map_regiones_duplicados.csv,../output/tables/qa_map_regiones_duplicados.csv,0,FALSE
tabla,D:/delitos_inmigracion_espana_MIN/output/tables/55_toda_diag.csv,output/tables/55_toda_diag.csv,../output/tables/55_toda_diag.csv,output/tables/55_toda_diag.csv,../output/tables/55_toda_diag.csv,0,FALSE
tabla,D:/delitos_inmigracion_espana_MIN/output/tables/inspect_profile_epa_activos_16_29_trimestral.csv,output/tables/inspect_profile_epa_activos_16_29_trimestral.csv,../output/tables/inspect_profile_epa_activos_16_29_trimestral.csv,output/tables/inspect_profile_epa_activos_16_29_trimestral.csv,../output/tables/inspect_profile_epa_activos_16_29_trimestral.csv,0,FALSE
tabla,D:/delitos_inmigracion_espana_MIN/output/tables/13_qc_cobertura_anual.csv,output/tables/13_qc_cobertura_anual.csv,../output/tables/13_qc_cobertura_anual.csv,output/tables/13_qc_cobertura_anual.csv,../output/tables/13_qc_cobertura_anual.csv,0,FALSE
tabla,D:/delitos_inmigracion_espana_MIN/output/tables/20_preview_px.csv,output/tables/20_preview_px.csv,../output/tables/20_preview_px.csv,output/tables/20_preview_px.csv,../output/tables/20_preview_px.csv,0,FALSE
tabla,D:/delitos_inmigracion_espana_MIN/output/tables/qa_controls_merge.csv,output/tables/qa_controls_merge.csv,../output/tables/qa_controls_merge.csv,output/tables/qa_controls_merge.csv,../output/tables/qa_controls_merge.csv,0,FALSE
tabla,D:/delitos_inmigracion_espana_MIN/output/tables/18_columns_core.csv,output/tables/18_columns_core.csv,../output/tables/18_columns_core.csv,output/tables/18_columns_core.csv,../output/tables/18_columns_core.csv,0,FALSE
tabla,D:/delitos_inmigracion_espana_MIN/output/tables/qa_parse_tokens_top.csv,output/tables/qa_parse_tokens_top.csv,../output/tables/qa_parse_tokens_top.csv,output/tables/qa_parse_tokens_top.csv,../output/tables/qa_parse_tokens_top.csv,0,FALSE
tabla,D:/delitos_inmigracion_espana_MIN/output/tables/20a_core_columnas.csv,output/tables/20a_core_columnas.csv,../output/tables/20a_core_columnas.csv,output/tables/20a_core_columnas.csv,../output/tables/20a_core_columnas.csv,0,FALSE
tabla,D:/delitos_inmigracion_espana_MIN/output/tables/20_qc_inputs_overview.csv,output/tables/20_qc_inputs_overview.csv,../output/tables/20_qc_inputs_overview.csv,output/tables/20_qc_inputs_overview.csv,../output/tables/20_qc_inputs_overview.csv,0,FALSE
tabla,D:/delitos_inmigracion_espana_MIN/output/tables/inspect_profile_map_regiones_maps.csv,output/tables/inspect_profile_map_regiones_maps.csv,../output/tables/inspect_profile_map_regiones_maps.csv,output/tables/inspect_profile_map_regiones_maps.csv,../output/tables/inspect_profile_map_regiones_maps.csv,0,FALSE
tabla,D:/delitos_inmigracion_espana_MIN/output/tables/19_qc_na_counts.csv,output/tables/19_qc_na_counts.csv,../output/tables/19_qc_na_counts.csv,output/tables/19_qc_na_counts.csv,../output/tables/19_qc_na_counts.csv,0,FALSE
tabla,D:/delitos_inmigracion_espana_MIN/output/tables/14a_mapping_summary.csv,output/tables/14a_mapping_summary.csv,../output/tables/14a_mapping_summary.csv,output/tables/14a_mapping_summary.csv,../output/tables/14a_mapping_summary.csv,0,FALSE
tabla,D:/delitos_inmigracion_espana_MIN/output/tables/19_det_share_summary.csv,output/tables/19_det_share_summary.csv,../output/tables/19_det_share_summary.csv,output/tables/19_det_share_summary.csv,../output/tables/19_det_share_summary.csv,0,FALSE
tabla,D:/delitos_inmigracion_espana_MIN/output/tables/13_qc_core_indicadores_hash.csv,output/tables/13_qc_core_indicadores_hash.csv,../output/tables/13_qc_core_indicadores_hash.csv,output/tables/13_qc_core_indicadores_hash.csv,../output/tables/13_qc_core_indicadores_hash.csv,0,FALSE
tabla,D:/delitos_inmigracion_espana_MIN/output/tables/19_qc_core_indicadores_hash.csv,output/tables/19_qc_core_indicadores_hash.csv,../output/tables/19_qc_core_indicadores_hash.csv,output/tables/19_qc_core_indicadores_hash.csv,../output/tables/19_qc_core_indicadores_hash.csv,0,FALSE
tabla,D:/delitos_inmigracion_espana_MIN/output/tables/20_preview_tot.csv,output/tables/20_preview_tot.csv,../output/tables/20_preview_tot.csv,output/tables/20_preview_tot.csv,../output/tables/20_preview_tot.csv,0,FALSE
tabla,D:/delitos_inmigracion_espana_MIN/output/tables/cov_poblacion_column_profile.csv,output/tables/cov_poblacion_column_profile.csv,../output/tables/cov_poblacion_column_profile.csv,output/tables/cov_poblacion_column_profile.csv,../output/tables/cov_poblacion_column_profile.csv,0,FALSE
tabla,D:/delitos_inmigracion_espana_MIN/output/tables/20_preview_ext.csv,output/tables/20_preview_ext.csv,../output/tables/20_preview_ext.csv,output/tables/20_preview_ext.csv,../output/tables/20_preview_ext.csv,0,FALSE
tabla,D:/delitos_inmigracion_espana_MIN/output/tables/02_whitelist_sugerencias.csv,output/tables/02_whitelist_sugerencias.csv,../output/tables/02_whitelist_sugerencias.csv,output/tables/02_whitelist_sugerencias.csv,../output/tables/02_whitelist_sugerencias.csv,0,FALSE
tabla,D:/delitos_inmigracion_espana_MIN/output/tables/12b_meta_origen.csv,output/tables/12b_meta_origen.csv,../output/tables/12b_meta_origen.csv,output/tables/12b_meta_origen.csv,../output/tables/12b_meta_origen.csv,0,FALSE
tabla,D:/delitos_inmigracion_espana_MIN/output/tables/20a_der_columnas.csv,output/tables/20a_der_columnas.csv,../output/tables/20a_der_columnas.csv,output/tables/20a_der_columnas.csv,../output/tables/20a_der_columnas.csv,0,FALSE
tabla,D:/delitos_inmigracion_espana_MIN/output/tables/20b_dup_anos_core.csv,output/tables/20b_dup_anos_core.csv,../output/tables/20b_dup_anos_core.csv,output/tables/20b_dup_anos_core.csv,../output/tables/20b_dup_anos_core.csv,0,FALSE
tabla,D:/delitos_inmigracion_espana_MIN/output/tables/12d_units_fix_plan.csv,output/tables/12d_units_fix_plan.csv,../output/tables/12d_units_fix_plan.csv,output/tables/12d_units_fix_plan.csv,../output/tables/12d_units_fix_plan.csv,0,FALSE
tabla,D:/delitos_inmigracion_espana_MIN/output/tables/qa_core_indicadores.csv,output/tables/qa_core_indicadores.csv,../output/tables/qa_core_indicadores.csv,output/tables/qa_core_indicadores.csv,../output/tables/qa_core_indicadores.csv,0,FALSE
tabla,D:/delitos_inmigracion_espana_MIN/output/tables/13_qc_core_indicadores_flags.csv,output/tables/13_qc_core_indicadores_flags.csv,../output/tables/13_qc_core_indicadores_flags.csv,output/tables/13_qc_core_indicadores_flags.csv,../output/tables/13_qc_core_indicadores_flags.csv,0,FALSE
tabla,D:/delitos_inmigracion_espana_MIN/output/tables/19_qc_core_indicadores_flags.csv,output/tables/19_qc_core_indicadores_flags.csv,../output/tables/19_qc_core_indicadores_flags.csv,output/tables/19_qc_core_indicadores_flags.csv,../output/tables/19_qc_core_indicadores_flags.csv,0,FALSE
tabla,D:/delitos_inmigracion_espana_MIN/output/tables/qa_map_regiones_fuera_catalogo_en_map_final.csv,output/tables/qa_map_regiones_fuera_catalogo_en_map_final.csv,../output/tables/qa_map_regiones_fuera_catalogo_en_map_final.csv,output/tables/qa_map_regiones_fuera_catalogo_en_map_final.csv,../output/tables/qa_map_regiones_fuera_catalogo_en_map_final.csv,0,FALSE
tabla,D:/delitos_inmigracion_espana_MIN/output/tables/17_pib_qa_unidades_dispon.csv,output/tables/17_pib_qa_unidades_dispon.csv,../output/tables/17_pib_qa_unidades_dispon.csv,output/tables/17_pib_qa_unidades_dispon.csv,../output/tables/17_pib_qa_unidades_dispon.csv,0,FALSE
tabla,D:/delitos_inmigracion_espana_MIN/output/tables/qa_sugerencia_whitelist.csv,output/tables/qa_sugerencia_whitelist.csv,../output/tables/qa_sugerencia_whitelist.csv,output/tables/qa_sugerencia_whitelist.csv,../output/tables/qa_sugerencia_whitelist.csv,0,FALSE
tabla,D:/delitos_inmigracion_espana_MIN/output/tables/16_det_ext_cobertura.csv,output/tables/16_det_ext_cobertura.csv,../output/tables/16_det_ext_cobertura.csv,output/tables/16_det_ext_cobertura.csv,../output/tables/16_det_ext_cobertura.csv,0,FALSE
tabla,D:/delitos_inmigracion_espana_MIN/output/tables/qa_det_tot_cobertura.csv,output/tables/qa_det_tot_cobertura.csv,../output/tables/qa_det_tot_cobertura.csv,output/tables/qa_det_tot_cobertura.csv,../output/tables/qa_det_tot_cobertura.csv,0,FALSE
tabla,D:/delitos_inmigracion_espana_MIN/output/tables/12c_qc_resumen.csv,output/tables/12c_qc_resumen.csv,../output/tables/12c_qc_resumen.csv,output/tables/12c_qc_resumen.csv,../output/tables/12c_qc_resumen.csv,0,FALSE
tabla,D:/delitos_inmigracion_espana_MIN/output/tables/qa_parse_tokens_por_archivo_columna.csv,output/tables/qa_parse_tokens_por_archivo_columna.csv,../output/tables/qa_parse_tokens_por_archivo_columna.csv,output/tables/qa_parse_tokens_por_archivo_columna.csv,../output/tables/qa_parse_tokens_por_archivo_columna.csv,0,FALSE
tabla,D:/delitos_inmigracion_espana_MIN/output/tables/17_pib_qa_cobertura.csv,output/tables/17_pib_qa_cobertura.csv,../output/tables/17_pib_qa_cobertura.csv,output/tables/17_pib_qa_cobertura.csv,../output/tables/17_pib_qa_cobertura.csv,0,FALSE
tabla,D:/delitos_inmigracion_espana_MIN/output/tables/18_gini_qa_rango.csv,output/tables/18_gini_qa_rango.csv,../output/tables/18_gini_qa_rango.csv,output/tables/18_gini_qa_rango.csv,../output/tables/18_gini_qa_rango.csv,0,FALSE
tabla,D:/delitos_inmigracion_espana_MIN/output/tables/14_det_qc_cobertura.csv,output/tables/14_det_qc_cobertura.csv,../output/tables/14_det_qc_cobertura.csv,output/tables/14_det_qc_cobertura.csv,../output/tables/14_det_qc_cobertura.csv,0,FALSE
tabla,D:/delitos_inmigracion_espana_MIN/output/tables/qa_det_tot_plaus_yoy.csv,output/tables/qa_det_tot_plaus_yoy.csv,../output/tables/qa_det_tot_plaus_yoy.csv,output/tables/qa_det_tot_plaus_yoy.csv,../output/tables/qa_det_tot_plaus_yoy.csv,0,FALSE
tabla,D:/delitos_inmigracion_espana_MIN/output/tables/16_det_ext_plaus_yoy.csv,output/tables/16_det_ext_plaus_yoy.csv,../output/tables/16_det_ext_plaus_yoy.csv,output/tables/16_det_ext_plaus_yoy.csv,../output/tables/16_det_ext_plaus_yoy.csv,0,FALSE
tabla,D:/delitos_inmigracion_espana_MIN/output/tables/02_dicc_resumen.csv,output/tables/02_dicc_resumen.csv,../output/tables/02_dicc_resumen.csv,output/tables/02_dicc_resumen.csv,../output/tables/02_dicc_resumen.csv,0,FALSE
tabla,D:/delitos_inmigracion_espana_MIN/output/tables/13_qc_unidades_detectadas.csv,output/tables/13_qc_unidades_detectadas.csv,../output/tables/13_qc_unidades_detectadas.csv,output/tables/13_qc_unidades_detectadas.csv,../output/tables/13_qc_unidades_detectadas.csv,0,FALSE
tabla,D:/delitos_inmigracion_espana_MIN/output/tables/18_gini_qa_cols.csv,output/tables/18_gini_qa_cols.csv,../output/tables/18_gini_qa_cols.csv,output/tables/18_gini_qa_cols.csv,../output/tables/18_gini_qa_cols.csv,0,FALSE
tabla,D:/delitos_inmigracion_espana_MIN/output/tables/map_regiones_pendientes_rellenar.csv,output/tables/map_regiones_pendientes_rellenar.csv,../output/tables/map_regiones_pendientes_rellenar.csv,output/tables/map_regiones_pendientes_rellenar.csv,../output/tables/map_regiones_pendientes_rellenar.csv,0,FALSE
tabla,D:/delitos_inmigracion_espana_MIN/output/tables/19_ardl_preflight.csv,output/tables/19_ardl_preflight.csv,../output/tables/19_ardl_preflight.csv,output/tables/19_ardl_preflight.csv,../output/tables/19_ardl_preflight.csv,0,FALSE
tabla,D:/delitos_inmigracion_espana_MIN/output/tables/18_gini_qa_cobertura.csv,output/tables/18_gini_qa_cobertura.csv,../output/tables/18_gini_qa_cobertura.csv,output/tables/18_gini_qa_cobertura.csv,../output/tables/18_gini_qa_cobertura.csv,0,FALSE
tabla,D:/delitos_inmigracion_espana_MIN/output/tables/20a_cov_core.csv,output/tables/20a_cov_core.csv,../output/tables/20a_cov_core.csv,output/tables/20a_cov_core.csv,../output/tables/20a_cov_core.csv,0,FALSE
tabla,D:/delitos_inmigracion_espana_MIN/output/tables/20a_cov_der.csv,output/tables/20a_cov_der.csv,../output/tables/20a_cov_der.csv,output/tables/20a_cov_der.csv,../output/tables/20a_cov_der.csv,0,FALSE
tabla,D:/delitos_inmigracion_espana_MIN/output/tables/20_io_violations.csv,output/tables/20_io_violations.csv,../output/tables/20_io_violations.csv,output/tables/20_io_violations.csv,../output/tables/20_io_violations.csv,0,FALSE
tabla,D:/delitos_inmigracion_espana_MIN/output/tables/14a_ccaa_duplicados_mapping.csv,output/tables/14a_ccaa_duplicados_mapping.csv,../output/tables/14a_ccaa_duplicados_mapping.csv,output/tables/14a_ccaa_duplicados_mapping.csv,../output/tables/14a_ccaa_duplicados_mapping.csv,0,FALSE
tabla,D:/delitos_inmigracion_espana_MIN/output/tables/10_arope_comp_resumen.csv,output/tables/10_arope_comp_resumen.csv,../output/tables/10_arope_comp_resumen.csv,output/tables/10_arope_comp_resumen.csv,../output/tables/10_arope_comp_resumen.csv,0,FALSE
tabla,D:/delitos_inmigracion_espana_MIN/output/tables/10_arope_total_resumen.csv,output/tables/10_arope_total_resumen.csv,../output/tables/10_arope_total_resumen.csv,output/tables/10_arope_total_resumen.csv,../output/tables/10_arope_total_resumen.csv,0,FALSE
tabla,D:/delitos_inmigracion_espana_MIN/output/tables/inspect_cols_epa_activos_16_29_trimestral.csv,output/tables/inspect_cols_epa_activos_16_29_trimestral.csv,../output/tables/inspect_cols_epa_activos_16_29_trimestral.csv,output/tables/inspect_cols_epa_activos_16_29_trimestral.csv,../output/tables/inspect_cols_epa_activos_16_29_trimestral.csv,0,FALSE
tabla,D:/delitos_inmigracion_espana_MIN/output/tables/20_io_summary.csv,output/tables/20_io_summary.csv,../output/tables/20_io_summary.csv,output/tables/20_io_summary.csv,../output/tables/20_io_summary.csv,0,FALSE
tabla,D:/delitos_inmigracion_espana_MIN/output/tables/cov_poblacion_15_29_criticos.csv,output/tables/cov_poblacion_15_29_criticos.csv,../output/tables/cov_poblacion_15_29_criticos.csv,output/tables/cov_poblacion_15_29_criticos.csv,../output/tables/cov_poblacion_15_29_criticos.csv,0,FALSE
tabla,D:/delitos_inmigracion_espana_MIN/output/tables/14a_tipologias_duplicados_mapping.csv,output/tables/14a_tipologias_duplicados_mapping.csv,../output/tables/14a_tipologias_duplicados_mapping.csv,output/tables/14a_tipologias_duplicados_mapping.csv,../output/tables/14a_tipologias_duplicados_mapping.csv,0,FALSE
tabla,D:/delitos_inmigracion_espana_MIN/output/tables/inspect_cols_map_regiones_maps.csv,output/tables/inspect_cols_map_regiones_maps.csv,../output/tables/inspect_cols_map_regiones_maps.csv,output/tables/inspect_cols_map_regiones_maps.csv,../output/tables/inspect_cols_map_regiones_maps.csv,0,FALSE
tabla,D:/delitos_inmigracion_espana_MIN/output/tables/10_arope_total_fuera_rango_componentes.csv,output/tables/10_arope_total_fuera_rango_componentes.csv,../output/tables/10_arope_total_fuera_rango_componentes.csv,output/tables/10_arope_total_fuera_rango_componentes.csv,../output/tables/10_arope_total_fuera_rango_componentes.csv,0,FALSE
tabla,D:/delitos_inmigracion_espana_MIN/output/tables/inspect_cols_map_tipologias_maps.csv,output/tables/inspect_cols_map_tipologias_maps.csv,../output/tables/inspect_cols_map_tipologias_maps.csv,output/tables/inspect_cols_map_tipologias_maps.csv,../output/tables/inspect_cols_map_tipologias_maps.csv,0,FALSE
tabla,D:/delitos_inmigracion_espana_MIN/output/tables/02_dicc_conflictos.csv,output/tables/02_dicc_conflictos.csv,../output/tables/02_dicc_conflictos.csv,output/tables/02_dicc_conflictos.csv,../output/tables/02_dicc_conflictos.csv,0,FALSE
tabla,D:/delitos_inmigracion_espana_MIN/output/tables/14a_ccaa_no_mapeadas.csv,output/tables/14a_ccaa_no_mapeadas.csv,../output/tables/14a_ccaa_no_mapeadas.csv,output/tables/14a_ccaa_no_mapeadas.csv,../output/tables/14a_ccaa_no_mapeadas.csv,0,FALSE
tabla,D:/delitos_inmigracion_espana_MIN/output/tables/_smoke_utils.csv,output/tables/_smoke_utils.csv,../output/tables/_smoke_utils.csv,output/tables/_smoke_utils.csv,../output/tables/_smoke_utils.csv,0,FALSE
tabla,D:/delitos_inmigracion_espana_MIN/output/tables/14a_tipologias_no_mapeadas.csv,output/tables/14a_tipologias_no_mapeadas.csv,../output/tables/14a_tipologias_no_mapeadas.csv,output/tables/14a_tipologias_no_mapeadas.csv,../output/tables/14a_tipologias_no_mapeadas.csv,0,FALSE
tabla,D:/delitos_inmigracion_espana_MIN/output/tables/13_qc_no_negatividad.csv,output/tables/13_qc_no_negatividad.csv,../output/tables/13_qc_no_negatividad.csv,output/tables/13_qc_no_negatividad.csv,../output/tables/13_qc_no_negatividad.csv,0,FALSE
tabla,D:/delitos_inmigracion_espana_MIN/output/tables/13_qc_duplicados_clave.csv,output/tables/13_qc_duplicados_clave.csv,../output/tables/13_qc_duplicados_clave.csv,output/tables/13_qc_duplicados_clave.csv,../output/tables/13_qc_duplicados_clave.csv,0,FALSE
tabla,D:/delitos_inmigracion_espana_MIN/output/tables/14_det_qc_anomalias_yoy.csv,output/tables/14_det_qc_anomalias_yoy.csv,../output/tables/14_det_qc_anomalias_yoy.csv,output/tables/14_det_qc_anomalias_yoy.csv,../output/tables/14_det_qc_anomalias_yoy.csv,0,FALSE
tabla,D:/delitos_inmigracion_espana_MIN/output/tables/14_det_qc_anomalias_yoy_raw.csv,output/tables/14_det_qc_anomalias_yoy_raw.csv,../output/tables/14_det_qc_anomalias_yoy_raw.csv,output/tables/14_det_qc_anomalias_yoy_raw.csv,../output/tables/14_det_qc_anomalias_yoy_raw.csv,0,FALSE
tabla,D:/delitos_inmigracion_espana_MIN/output/tables/10_arope_comp_duplicados.csv,output/tables/10_arope_comp_duplicados.csv,../output/tables/10_arope_comp_duplicados.csv,output/tables/10_arope_comp_duplicados.csv,../output/tables/10_arope_comp_duplicados.csv,0,FALSE
tabla,D:/delitos_inmigracion_espana_MIN/output/tables/qa_map_tipologias_duplicados.csv,output/tables/qa_map_tipologias_duplicados.csv,../output/tables/qa_map_tipologias_duplicados.csv,output/tables/qa_map_tipologias_duplicados.csv,../output/tables/qa_map_tipologias_duplicados.csv,0,FALSE
tabla,D:/delitos_inmigracion_espana_MIN/output/tables/02_dicc_nuevos_pendientes.csv,output/tables/02_dicc_nuevos_pendientes.csv,../output/tables/02_dicc_nuevos_pendientes.csv,output/tables/02_dicc_nuevos_pendientes.csv,../output/tables/02_dicc_nuevos_pendientes.csv,0,FALSE
tabla,D:/delitos_inmigracion_espana_MIN/output/tables/14c_whitelist_diff.csv,output/tables/14c_whitelist_diff.csv,../output/tables/14c_whitelist_diff.csv,output/tables/14c_whitelist_diff.csv,../output/tables/14c_whitelist_diff.csv,0,FALSE
tabla,D:/delitos_inmigracion_espana_MIN/output/tables/10_arope_total_anos_faltantes.csv,output/tables/10_arope_total_anos_faltantes.csv,../output/tables/10_arope_total_anos_faltantes.csv,output/tables/10_arope_total_anos_faltantes.csv,../output/tables/10_arope_total_anos_faltantes.csv,0,FALSE
tabla,D:/delitos_inmigracion_espana_MIN/output/tables/qc_paro_15_29_anos_faltantes.csv,output/tables/qc_paro_15_29_anos_faltantes.csv,../output/tables/qc_paro_15_29_anos_faltantes.csv,output/tables/qc_paro_15_29_anos_faltantes.csv,../output/tables/qc_paro_15_29_anos_faltantes.csv,0,FALSE
