ano,delito5,total,extranjeros,espanoles
2010,1. contra las personas,66224,21061,45163
2010,1.1.-homicidios dolosos/asesinatos,1338,305,1033
2010,1.1.1.-homicidios dolosos/asesinatos consumados,397,124,273
2010,1.2.-lesiones,16137,5072,11065
2010,1.3.-malos tratos ambito familiar,46479,14747,31732
2010,1.4.-otros contra las personas,2270,937,1333
2010,10. orden publico,23749,7567,16182
2010,11. legislacion especial,146,40,106
2010,12. otras infracciones penales,3778,1928,1850
2010,2. contra la libertad,24203,5553,18650
2010,2.1.-malos tratos habituales en el ambito familiar,10905,2498,8407
2010,2.2.-otros contra la libertad,13298,3055,10243
2010,3. libertad sexual,6234,2143,4091
2010,3.1.-agresion sexual,2793,951,1842
2010,3.2.-agresion sexual con penetracion,1331,509,822
2010,3.3.-corrupcion de menores o incapacitados,226,51,175
2010,3.4.-pornografia de menores,504,39,465
2010,3.5.-otros contra la libertad sexual,1380,593,787
2010,4. relaciones familiares,1093,307,786
2010,5. patrimonio,137368,42321,95047
2010,5.1.-hurtos,33639,13561,20078
2010,5.2.-robos con fuerza en las cosas,50266,11939,38327
2010,5.2.1.-robos con fuerza en las cosas en el interior de vehiculos,8455,1785,6670
2010,5.2.2.-robos con fuerza en viviendas,9730,2782,6948
2010,5.2.3.-robos con fuerza en establecimientos,9520,2846,6674
2010,5.3.-robos con violencia o intimidacion,21621,6279,15342
2010,5.3.1.-robos con violencia en via publica,10397,4198,6199
2010,5.3.2.-robos con violencia en viviendas,1280,536,744
2010,5.3.3.-robos con violencia en establecimientos,3368,936,2432
2010,5.4.-sustraccion de vehiculos,7169,1799,5370
2010,5.5.-estafas,8334,2746,5588
2010,5.5.1.-estafas informaticas,1611,583,1028
2010,5.6.-danos,5797,1381,4416
2010,5.7.-contra la propiedad intelectual/industrial,3733,2867,866
2010,5.8.-blanqueo de capitales,296,98,198
2010,5.9.-otros contra el patrimonio,6513,1651,4862
2010,6. seguridad colectiva,60510,17090,43420
2010,6.1.-trafico de drogas,21683,7837,13846
2010,6.2.-contra la seguridad vial,36751,8833,27918
2010,6.3.-otros contra la seguridad colectiva,2076,420,1656
2010,7. falsedades,9541,5335,4206
2010,8. admon. publica,245,33,212
2010,9. admon. justicia,18876,4660,14216
2010,total infracciones penales,351967,108038,243929
2011,1. contra las personas,101176,28182,72994
2011,1.1.-homicidios dolosos/asesinatos,1390,399,991
2011,1.1.1.-homicidios dolosos/asesinatos consumados,451,176,275
2011,1.2.-lesiones,31319,8541,22778
2011,1.3.-malos tratos ambito familiar,51888,16260,35628
2011,1.4.-otros contra las personas,16579,2982,13597
2011,10. orden publico,28116,9322,18794
2011,11. legislacion especial,253,58,195
2011,12. otras infracciones penales,4017,1717,2300
2011,2. contra la libertad,28751,6799,21952
2011,2.1.-malos tratos habituales en el ambito familiar,12164,3011,9153
2011,2.2.-otros contra la libertad,16587,3788,12799
2011,3. libertad sexual,6697,2288,4409
2011,3.1.-agresion sexual,3342,1105,2237
2011,3.2.-agresion sexual con penetracion,1375,534,841
2011,3.3.-corrupcion de menores o incapacitados,213,53,160
2011,3.4.-pornografia de menores,464,43,421
2011,3.5.-otros contra la libertad sexual,1303,553,750
2011,4. relaciones familiares,2560,516,2044
2011,5. patrimonio,184811,54480,130331
2011,5.1.-hurtos,62864,21823,41041
2011,5.2.-robos con fuerza en las cosas,56959,14469,42490
2011,5.2.1.-robos con fuerza en las cosas en el interior de vehiculos,11379,2602,8777
2011,5.2.2.-robos con fuerza en viviendas,11082,3654,7428
2011,5.2.3.-robos con fuerza en establecimientos,10064,3103,6961
2011,5.3.-robos con violencia o intimidacion,23075,6814,16261
2011,5.3.1.-robos con violencia en via publica,10452,4276,6176
2011,5.3.2.-robos con violencia en viviendas,1457,581,876
2011,5.3.3.-robos con violencia en establecimientos,3339,882,2457
2011,5.4.-sustraccion de vehiculos,7601,2001,5600
2011,5.5.-estafas,12028,3327,8701
2011,5.5.1.-estafas informaticas,1823,615,1208
2011,5.6.-danos,9955,2115,7840
2011,5.7.-contra la propiedad intelectual/industrial,2136,1447,689
2011,5.8.-blanqueo de capitales,422,184,238
2011,5.9.-otros contra el patrimonio,9771,2300,7471
2011,6. seguridad colectiva,78158,20508,57650
2011,6.1.-trafico de drogas,23610,8145,15465
2011,6.2.-contra la seguridad vial,52460,11838,40622
2011,6.3.-otros contra la seguridad colectiva,2088,525,1563
2011,7. falsedades,11247,6318,4929
2011,8. admon. publica,429,43,386
2011,9. admon. justicia,22038,5268,16770
2011,total infracciones penales,468253,135499,332754
2012,1. contra las personas,97294,25836,71458
2012,1.1.-homicidios dolosos/asesinatos,1325,326,999
2012,1.1.1.-homicidios dolosos/asesinatos consumados,408,140,268
2012,1.2.-lesiones,29942,7667,22275
2012,1.3.-malos tratos ambito familiar,49830,15177,34653
2012,1.4.-otros contra las personas,16197,2666,13531
2012,10. orden publico,26775,8399,18376
2012,11. legislacion especial,228,69,159
2012,12. otras infracciones penales,3884,1625,2259
2012,2. contra la libertad,27943,6126,21817
2012,2.1.-malos tratos habituales en el ambito familiar,11621,2748,8873
2012,2.2.-otros contra la libertad,16322,3378,12944
2012,3. libertad sexual,6250,1995,4255
2012,3.1.-agresion sexual,3202,978,2224
2012,3.2.-agresion sexual con penetracion,1202,447,755
2012,3.3.-corrupcion de menores o incapacitados,201,54,147
2012,3.4.-pornografia de menores,506,38,468
2012,3.5.-otros contra la libertad sexual,1139,478,661
2012,4. relaciones familiares,2926,599,2327
2012,5. patrimonio,189877,53767,136110
2012,5.1.-hurtos,68234,22246,45988
2012,5.2.-robos con fuerza en las cosas,55473,12797,42676
2012,5.2.1.-robos con fuerza en las cosas en el interior de vehiculos,10091,2096,7995
2012,5.2.2.-robos con fuerza en viviendas,14494,4269,10225
2012,5.2.3.-robos con fuerza en establecimientos,9653,2653,7000
2012,5.3.-robos con violencia o intimidacion,23475,7058,16417
2012,5.3.1.-robos con violencia en via publica,11235,4680,6555
2012,5.3.2.-robos con violencia en viviendas,1686,604,1082
2012,5.3.3.-robos con violencia en establecimientos,3453,934,2519
2012,5.4.-sustraccion de vehiculos,6808,1787,5021
2012,5.5.-estafas,12548,3308,9240
2012,5.5.1.-estafas informaticas,1978,638,1340
2012,5.6.-danos,9507,2000,7507
2012,5.7.-contra la propiedad intelectual/industrial,2257,1592,665
2012,5.8.-blanqueo de capitales,567,198,369
2012,5.9.-otros contra el patrimonio,11008,2781,8227
2012,6. seguridad colectiva,72976,19199,53777
2012,6.1.-trafico de drogas,22575,7821,14754
2012,6.2.-contra la seguridad vial,48133,10762,37371
2012,6.3.-otros contra la seguridad colectiva,2268,616,1652
2012,7. falsedades,11624,6693,4931
2012,8. admon. publica,274,29,245
2012,9. admon. justicia,20991,4644,16347
2012,total infracciones penales,461042,128981,332061
2013,1. contra las personas,93213,23714,69499
2013,1.1.-homicidios dolosos/asesinatos,1086,250,836
2013,1.1.1.-homicidios dolosos/asesinatos consumados,311,81,230
2013,1.2.-lesiones,28574,7155,21419
2013,1.3.-malos tratos ambito familiar,49079,14046,35033
2013,1.4.-otros contra las personas,14474,2263,12211
2013,10. orden publico,24981,8046,16935
2013,11. legislacion especial,295,81,214
2013,12. otras infracciones penales,4013,1557,2456
2013,2. contra la libertad,27444,6091,21353
2013,2.1.-malos tratos habituales en el ambito familiar,11184,2653,8531
2013,2.2.-otros contra la libertad,16260,3438,12822
2013,3. libertad sexual,5827,1843,3984
2013,3.1.-agresion sexual,2831,855,1976
2013,3.2.-agresion sexual con penetracion,1179,438,741
2013,3.3.-corrupcion de menores o incapacitados,221,48,173
2013,3.4.-pornografia de menores,391,34,357
2013,3.5.-otros contra la libertad sexual,1205,468,737
2013,4. relaciones familiares,2817,516,2301
2013,5. patrimonio,195566,54266,141300
2013,5.1.-hurtos,72864,23045,49819
2013,5.2.-robos con fuerza en las cosas,56230,12827,43403
2013,5.2.1.-robos con fuerza en las cosas en el interior de vehiculos,8924,1897,7027
2013,5.2.2.-robos con fuerza en viviendas,16437,4973,11464
2013,5.2.3.-robos con fuerza en establecimientos,9601,2326,7275
2013,5.3.-robos con violencia o intimidacion,22152,6393,15759
2013,5.3.1.-robos con violencia en via publica,10175,4073,6102
2013,5.3.2.-robos con violencia en viviendas,1769,595,1174
2013,5.3.3.-robos con violencia en establecimientos,3564,970,2594
2013,5.4.-sustraccion de vehiculos,6203,1444,4759
2013,5.5.-estafas,12567,3269,9298
2013,5.5.1.-estafas informaticas,1940,587,1353
2013,5.6.-danos,8812,1836,6976
2013,5.7.-contra la propiedad intelectual/industrial,2595,1882,713
2013,5.8.-blanqueo de capitales,597,177,420
2013,5.9.-otros contra el patrimonio,13546,3393,10153
2013,6. seguridad colectiva,68771,17574,51197
2013,6.1.-trafico de drogas,22312,7359,14953
2013,6.2.-contra la seguridad vial,44625,9835,34790
2013,6.3.-otros contra la seguridad colectiva,1834,380,1454
2013,7. falsedades,14055,6364,7691
2013,8. admon. publica,398,46,352
2013,9. admon. justicia,20707,4296,16411
2013,total infracciones penales,458087,124394,333693
2014,1. contra las personas,97159,21611,75548
2014,1.1.-homicidios dolosos/asesinatos,1106,198,908
2014,1.1.1.-homicidios dolosos/asesinatos consumados,305,74,231
2014,1.2.-lesiones,28867,6363,22504
2014,1.3.-malos tratos ambito familiar,50644,12801,37843
2014,1.4.-otros contra las personas,16542,2249,14293
2014,10. orden publico,22357,6808,15549
2014,11. legislacion especial,255,55,200
2014,12. otras infracciones penales,4908,1566,3342
2014,2. contra la libertad,25834,5119,20715
2014,2.1.-malos tratos habituales en el ambito familiar,10454,2232,8222
2014,2.2.-otros contra la libertad,15380,2887,12493
2014,3. libertad sexual,6186,1684,4502
2014,3.1.-agresion sexual,3060,818,2242
2014,3.2.-agresion sexual con penetracion,1191,369,822
2014,3.3.-corrupcion de menores o incapacitados,264,42,222
2014,3.4.-pornografia de menores,456,49,407
2014,3.5.-otros contra la libertad sexual,1215,406,809
2014,4. relaciones familiares,2920,546,2374
2014,5. patrimonio,176396,45583,130813
2014,5.1.-hurtos,68509,20217,48292
2014,5.2.-robos con fuerza en las cosas,45249,10126,35123
2014,5.2.1.-robos con fuerza en las cosas en el interior de vehiculos,6884,1279,5605
2014,5.2.2.-robos con fuerza en viviendas,13513,4235,9278
2014,5.2.3.-robos con fuerza en establecimientos,8016,1869,6147
2014,5.3.-robos con violencia o intimidacion,18258,4643,13615
2014,5.3.1.-robos con violencia en via publica,8538,2887,5651
2014,5.3.2.-robos con violencia en viviendas,1490,483,1007
2014,5.3.3.-robos con violencia en establecimientos,3020,764,2256
2014,5.4.-sustraccion de vehiculos,5392,1209,4183
2014,5.5.-estafas,13085,2780,10305
2014,5.5.1.-estafas informaticas,2200,473,1727
2014,5.6.-danos,8100,1659,6441
2014,5.7.-contra la propiedad intelectual/industrial,2263,1484,779
2014,5.8.-blanqueo de capitales,803,171,632
2014,5.9.-otros contra el patrimonio,14737,3294,11443
2014,6. seguridad colectiva,63639,14949,48690
2014,6.1.-trafico de drogas,20701,6196,14505
2014,6.2.-contra la seguridad vial,41153,8364,32789
2014,6.3.-otros contra la seguridad colectiva,1785,389,1396
2014,7. falsedades,11651,6335,5316
2014,8. admon. publica,509,53,456
2014,9. admon. justicia,20541,3690,16851
2014,total infracciones penales,432355,107999,324356
2015,1. contra las personas,86933,19923,67010
2015,1.1.-homicidios dolosos/asesinatos,1076,230,846
2015,1.1.1.-homicidios dolosos/asesinatos consumados,351,91,260
2015,1.2.-lesiones,27203,5951,21252
2015,1.3.-malos tratos ambito familiar,49898,12430,37468
2015,1.4.-otros contra las personas,8756,1312,7444
2015,10. orden publico,18628,5573,13055
2015,11. legislacion especial,270,68,202
2015,12. otras infracciones penales,4451,1404,3047
2015,2. contra la libertad,29183,5332,23851
2015,2.1.-malos tratos habituales en el ambito familiar,9804,2036,7768
2015,2.2.-otros contra la libertad,19379,3296,16083
2015,3. libertad sexual,6044,1496,4548
2015,3.1.-agresion sexual,3026,755,2271
2015,3.2.-agresion sexual con penetracion,1159,341,818
2015,3.3.-corrupcion de menores o incapacitados,294,36,258
2015,3.4.-pornografia de menores,473,45,428
2015,3.5.-otros contra la libertad sexual,1092,319,773
2015,4. relaciones familiares,2170,420,1750
2015,5. patrimonio,145876,35459,110417
2015,5.1.-hurtos,57447,16434,41013
2015,5.2.-robos con fuerza en las cosas,36420,6996,29424
2015,5.2.1.-robos con fuerza en las cosas en el interior de vehiculos,5941,988,4953
2015,5.2.2.-robos con fuerza en viviendas,10764,2813,7951
2015,5.2.3.-robos con fuerza en establecimientos,7002,1377,5625
2015,5.3.-robos con violencia o intimidacion,15444,3602,11842
2015,5.3.1.-robos con violencia en via publica,6944,2269,4675
2015,5.3.2.-robos con violencia en viviendas,1203,340,863
2015,5.3.3.-robos con violencia en establecimientos,2522,565,1957
2015,5.4.-sustraccion de vehiculos,4920,1139,3781
2015,5.5.-estafas,11035,2241,8794
2015,5.5.1.-estafas informaticas,2226,427,1799
2015,5.6.-danos,7014,1251,5763
2015,5.7.-contra la propiedad intelectual/industrial,1710,1130,580
2015,5.8.-blanqueo de capitales,636,188,448
2015,5.9.-otros contra el patrimonio,11250,2478,8772
2015,6. seguridad colectiva,55254,12429,42825
2015,6.1.-trafico de drogas,18240,4988,13252
2015,6.2.-contra la seguridad vial,35354,7135,28219
2015,6.3.-otros contra la seguridad colectiva,1660,306,1354
2015,7. falsedades,11469,6258,5211
2015,8. admon. publica,780,57,723
2015,9. admon. justicia,19186,3389,15797
2015,total infracciones penales,380244,91808,288436
2016,1. contra las personas,81360,19467,61893
2016,1.1.-homicidios dolosos/asesinatos,1233,290,943
2016,1.1.1.-homicidios dolosos/asesinatos consumados,333,107,226
2016,1.2.-lesiones,28184,6027,22157
2016,1.3.-malos tratos ambito familiar,50743,12786,37957
2016,1.4.-otros contra las personas,1200,364,836
2016,10. orden publico,17358,5156,12202
2016,11. legislacion especial,319,94,225
2016,12. otras infracciones penales,4934,1343,3591
2016,2. contra la libertad,34222,6137,28085
2016,2.1.-malos tratos habituales en el ambito familiar,9083,1930,7153
2016,2.2.-otros contra la libertad,25139,4207,20932
2016,3. libertad sexual,6363,1623,4740
2016,3.1.-agresion sexual,3472,877,2595
2016,3.2.-agresion sexual con penetracion,1238,376,862
2016,3.3.-corrupcion de menores o incapacitados,248,43,205
2016,3.4.-pornografia de menores,441,40,401
2016,3.5.-otros contra la libertad sexual,964,287,677
2016,4. relaciones familiares,1586,334,1252
2016,5. patrimonio,139669,35199,104470
2016,5.1.-hurtos,56696,16744,39952
2016,5.2.-robos con fuerza en las cosas,33077,6765,26312
2016,5.2.1.-robos con fuerza en las cosas en el interior de vehiculos,5851,1031,4820
2016,5.2.2.-robos con fuerza en viviendas,10259,3077,7182
2016,5.2.3.-robos con fuerza en establecimientos,6702,1326,5376
2016,5.3.-robos con violencia o intimidacion,15417,3929,11488
2016,5.3.1.-robos con violencia en via publica,6901,2568,4333
2016,5.3.2.-robos con violencia en viviendas,1207,357,850
2016,5.3.3.-robos con violencia en establecimientos,2619,598,2021
2016,5.4.-sustraccion de vehiculos,4825,1049,3776
2016,5.5.-estafas,11276,2173,9103
2016,5.5.1.-estafas informaticas,2103,446,1657
2016,5.6.-danos,7304,1433,5871
2016,5.7.-contra la propiedad intelectual/industrial,1700,1092,608
2016,5.8.-blanqueo de capitales,531,201,330
2016,5.9.-otros contra el patrimonio,8843,1813,7030
2016,6. seguridad colectiva,52687,11637,41050
2016,6.1.-trafico de drogas,18564,4758,13806
2016,6.2.-contra la seguridad vial,32419,6580,25839
2016,6.3.-otros contra la seguridad colectiva,1704,299,1405
2016,7. falsedades,10241,5780,4461
2016,8. admon. publica,810,36,774
2016,9. admon. justicia,18387,3395,14992
2016,total infracciones penales,367936,90201,277735
2017,1. contra las personas,86481,21304,65177
2017,1.1.-homicidios dolosos/asesinatos,1208,270,938
2017,1.1.1.-homicidios dolosos/asesinatos consumados,332,86,246
2017,1.2.-lesiones,30690,6802,23888
2017,1.3.-malos tratos ambito familiar,53238,13814,39424
2017,1.4.-otros contra las personas,1345,418,927
2017,10. orden publico,18023,5428,12595
2017,11. legislacion especial,339,76,263
2017,12. otras infracciones penales,4970,1343,3627
2017,2. contra la libertad,37237,6676,30561
2017,2.1.-malos tratos habituales en el ambito familiar,9141,1989,7152
2017,2.2.-otros contra la libertad,28096,4687,23409
2017,3. libertad sexual,6796,1775,5021
2017,3.1.-agresion sexual,3708,970,2738
2017,3.2.-agresion sexual con penetracion,1369,393,976
2017,3.3.-corrupcion de menores o incapacitados,275,53,222
2017,3.4.-pornografia de menores,463,52,411
2017,3.5.-otros contra la libertad sexual,981,307,674
2017,4. relaciones familiares,1787,367,1420
2017,5. patrimonio,137764,34077,103687
2017,5.1.-hurtos,56846,16905,39941
2017,5.2.-robos con fuerza en las cosas,31454,5836,25618
2017,5.2.1.-robos con fuerza en las cosas en el interior de vehiculos,5549,977,4572
2017,5.2.2.-robos con fuerza en viviendas,9584,2466,7118
2017,5.2.3.-robos con fuerza en establecimientos,6445,1093,5352
2017,5.3.-robos con violencia o intimidacion,15143,3701,11442
2017,5.3.1.-robos con violencia en via publica,6563,2298,4265
2017,5.3.2.-robos con violencia en viviendas,1161,312,849
2017,5.3.3.-robos con violencia en establecimientos,2757,622,2135
2017,5.4.-sustraccion de vehiculos,4410,895,3515
2017,5.5.-estafas,11248,2179,9069
2017,5.5.1.-estafas informaticas,1997,393,1604
2017,5.6.-danos,7640,1483,6157
2017,5.7.-contra la propiedad intelectual/industrial,1380,890,490
2017,5.8.-blanqueo de capitales,608,191,417
2017,5.9.-otros contra el patrimonio,9035,1997,7038
2017,6. seguridad colectiva,52882,11914,40968
2017,6.1.-trafico de drogas,18865,4906,13959
2017,6.2.-contra la seguridad vial,32152,6653,25499
2017,6.3.-otros contra la seguridad colectiva,1865,355,1510
2017,7. falsedades,9555,5235,4320
2017,8. admon. publica,694,88,606
2017,9. admon. justicia,19337,3728,15609
2017,total infracciones penales,375865,92011,283854
2018,1. contra las personas,89831,22512,67319
2018,1.1.-homicidios dolosos/asesinatos,1204,277,927
2018,1.1.1.-homicidios dolosos/asesinatos consumados,340,93,247
2018,1.2.-lesiones,31812,7172,24640
2018,1.3.-malos tratos ambito familiar,55153,14614,40539
2018,1.4.-otros contra las personas,1662,449,1213
2018,10. orden publico,18235,5521,12714
2018,11. legislacion especial,507,83,424
2018,12. otras infracciones penales,5078,1266,3812
2018,2. contra la libertad,38927,7161,31766
2018,2.1.-malos tratos habituales en el ambito familiar,9078,2094,6984
2018,2.2.-otros contra la libertad,29849,5067,24782
2018,3. libertad sexual,8288,2230,6058
2018,3.1.-agresion sexual,4642,1320,3322
2018,3.2.-agresion sexual con penetracion,1829,516,1313
2018,3.3.-corrupcion de menores o incapacitados,185,26,159
2018,3.4.-pornografia de menores,677,79,598
2018,3.5.-otros contra la libertad sexual,955,289,666
2018,4. relaciones familiares,1687,395,1292
2018,5. patrimonio,143192,36349,106843
2018,5.1.-hurtos,59652,17963,41689
2018,5.2.-robos con fuerza en las cosas,30314,5727,24587
2018,5.2.1.-robos con fuerza en las cosas en el interior de vehiculos,5534,1037,4497
2018,5.2.2.-robos con fuerza en viviendas,8662,2536,6126
2018,5.2.3.-robos con fuerza en establecimientos,5798,1041,4757
2018,5.3.-robos con violencia o intimidacion,15491,4019,11472
2018,5.3.1.-robos con violencia en via publica,6395,2482,3913
2018,5.3.2.-robos con violencia en viviendas,1178,321,857
2018,5.3.3.-robos con violencia en establecimientos,2890,728,2162
2018,5.4.-sustraccion de vehiculos,3424,697,2727
2018,5.5.-estafas,12521,2574,9947
2018,5.5.1.-estafas informaticas,2528,559,1969
2018,5.6.-danos,8013,1472,6541
2018,5.7.-contra la propiedad intelectual/industrial,2273,1327,946
2018,5.8.-blanqueo de capitales,701,123,578
2018,5.9.-otros contra el patrimonio,10803,2447,8356
2018,6. seguridad colectiva,57327,13419,43908
2018,6.1.-trafico de drogas,20350,5431,14919
2018,6.2.-contra la seguridad vial,34894,7496,27398
2018,6.3.-otros contra la seguridad colectiva,2083,492,1591
2018,7. falsedades,11014,6577,4437
2018,8. admon. publica,693,77,616
2018,9. admon. justicia,20045,3909,16136
2018,total infracciones penales,394824,99499,295325
2019,1. contra las personas,95194,25183,70011
2019,1.1.-homicidios dolosos/asesinatos,1256,287,969
2019,1.1.1.-homicidios dolosos/asesinatos consumados,363,99,264
2019,1.2.-lesiones,33570,7991,25579
2019,1.3.-malos tratos ambito familiar,58600,16416,42184
2019,1.4.-otros contra las personas,1768,489,1279
2019,10. orden publico,19712,5850,13862
2019,11. legislacion especial,559,118,441
2019,12. otras infracciones penales,6176,1475,4701
2019,2. contra la libertad,40383,8019,32364
2019,2.1.-malos tratos habituales en el ambito familiar,9488,2396,7092
2019,2.2.-otros contra la libertad,30895,5623,25272
2019,3. libertad sexual,8983,2477,6506
2019,3.1.-agresion sexual,5151,1509,3642
2019,3.2.-agresion sexual con penetracion,1958,557,1401
2019,3.3.-corrupcion de menores o incapacitados,191,21,170
2019,3.4.-pornografia de menores,615,78,537
2019,3.5.-otros contra la libertad sexual,1068,312,756
2019,4. relaciones familiares,1549,336,1213
2019,5. patrimonio,144958,38284,106674
2019,5.1.-hurtos,58955,18080,40875
2019,5.2.-robos con fuerza en las cosas,29401,5978,23423
2019,5.2.1.-robos con fuerza en las cosas en el interior de vehiculos,5402,1074,4328
2019,5.2.2.-robos con fuerza en viviendas,8049,2475,5574
2019,5.2.3.-robos con fuerza en establecimientos,6070,1309,4761
2019,5.3.-robos con violencia o intimidacion,18253,5047,13206
2019,5.3.1.-robos con violencia en via publica,7725,3264,4461
2019,5.3.2.-robos con violencia en viviendas,1153,321,832
2019,5.3.3.-robos con violencia en establecimientos,3037,760,2277
2019,5.4.-sustraccion de vehiculos,3399,758,2641
2019,5.5.-estafas,13478,2973,10505
2019,5.5.1.-estafas informaticas,3792,914,2878
2019,5.6.-danos,8298,1643,6655
2019,5.7.-contra la propiedad intelectual/industrial,1795,1096,699
2019,5.8.-blanqueo de capitales,602,130,472
2019,5.9.-otros contra el patrimonio,10777,2579,8198
2019,6. seguridad colectiva,61239,14427,46812
2019,6.1.-trafico de drogas,22888,6031,16857
2019,6.2.-contra la seguridad vial,36861,8105,28756
2019,6.3.-otros contra la seguridad colectiva,1490,291,1199
2019,7. falsedades,11288,7060,4228
2019,8. admon. publica,446,46,400
2019,9. admon. justicia,21416,4401,17015
2019,total infracciones penales,411903,107676,304227
2020,1. contra las personas,96238,28944,67294
2020,1.1.-homicidios dolosos/asesinatos,1225,381,844
2020,1.1.1.-homicidios dolosos/asesinatos consumados,377,101,276
2020,1.2.-lesiones,32334,9300,23034
2020,1.3.-malos tratos ambito familiar,60547,18595,41952
2020,1.4.-otros contra las personas,2132,668,1464
2020,10. orden publico,27668,9525,18143
2020,11. legislacion especial,585,123,462
2020,12. otras infracciones penales,5061,1115,3946
2020,2. contra la libertad,45672,10743,34929
2020,2.1.-malos tratos habituales en el ambito familiar,9514,2598,6916
2020,2.2.-otros contra la libertad,36158,8145,28013
2020,3. libertad sexual,7991,2622,5369
2020,3.1.-agresion sexual,4553,1520,3033
2020,3.2.-agresion sexual con penetracion,1860,703,1157
2020,3.3.-corrupcion de menores o incapacitados,163,23,140
2020,3.4.-pornografia de menores,453,71,382
2020,3.5.-otros contra la libertad sexual,962,305,657
2020,4. relaciones familiares,2339,583,1756
2020,5. patrimonio,139280,51452,87828
2020,5.1.-hurtos,49103,20369,28734
2020,5.2.-robos con fuerza en las cosas,25748,8497,17251
2020,5.2.1.-robos con fuerza en las cosas en el interior de vehiculos,3971,1086,2885
2020,5.2.2.-robos con fuerza en viviendas,8563,3114,5449
2020,5.2.3.-robos con fuerza en establecimientos,6515,2058,4457
2020,5.3.-robos con violencia o intimidacion,14160,5941,8219
2020,5.3.1.-robos con violencia en via publica,8029,3810,4219
2020,5.3.2.-robos con violencia en viviendas,1295,399,896
2020,5.3.3.-robos con violencia en establecimientos,3160,1008,2152
2020,5.4.-sustraccion de vehiculos,3309,858,2451
2020,5.5.-estafas,14572,3447,11125
2020,5.5.1.-estafas informaticas,5343,1244,4099
2020,5.6.-danos,10554,2679,7875
2020,5.7.-contra la propiedad intelectual/industrial,843,485,358
2020,5.8.-blanqueo de capitales,502,87,415
2020,5.9.-otros contra el patrimonio,20489,9089,11400
2020,6. seguridad colectiva,57625,14657,42968
2020,6.1.-trafico de drogas,22771,6388,16383
2020,6.2.-contra la seguridad vial,33526,7992,25534
2020,6.3.-otros contra la seguridad colectiva,1328,277,1051
2020,7. falsedades,9519,5382,4137
2020,8. admon. publica,360,21,339
2020,9. admon. justicia,22722,5941,16781
2020,total infracciones penales,415060,131108,283952
2021,1. contra las personas,108154,32835,75319
2021,1.1.-homicidios dolosos/asesinatos,1312,439,873
2021,1.1.1.-homicidios dolosos/asesinatos consumados,360,112,248
2021,1.2.-lesiones,38573,10961,27612
2021,1.3.-malos tratos ambito familiar,65618,20563,45055
2021,1.4.-otros contra las personas,2651,872,1779
2021,10. orden publico,23962,8409,15553
2021,11. legislacion especial,574,131,443
2021,12. otras infracciones penales,5949,1615,4334
2021,2. contra la libertad,49856,12203,37653
2021,2.1.-malos tratos habituales en el ambito familiar,10222,2784,7438
2021,2.2.-otros contra la libertad,39634,9419,30215
2021,3. libertad sexual,10477,3605,6872
2021,3.1.-agresion sexual,6252,2188,4064
2021,3.2.-agresion sexual con penetracion,2419,939,1480
2021,3.3.-corrupcion de menores o incapacitados,211,53,158
2021,3.4.-pornografia de menores,467,78,389
2021,3.5.-otros contra la libertad sexual,1128,347,781
2021,4. relaciones familiares,2472,727,1745
2021,5. patrimonio,151436,55861,95575
2021,5.1.-hurtos,57256,23089,34167
2021,5.2.-robos con fuerza en las cosas,25263,8615,16648
2021,5.2.1.-robos con fuerza en las cosas en el interior de vehiculos,4928,1890,3038
2021,5.2.2.-robos con fuerza en viviendas,8012,3099,4913
2021,5.2.3.-robos con fuerza en establecimientos,6116,1878,4238
2021,5.3.-robos con violencia o intimidacion,15567,6865,8702
2021,5.3.1.-robos con violencia en via publica,9095,4434,4661
2021,5.3.2.-robos con violencia en viviendas,1332,438,894
2021,5.3.3.-robos con violencia en establecimientos,3292,1097,2195
2021,5.4.-sustraccion de vehiculos,3159,805,2354
2021,5.5.-estafas,16301,3841,12460
2021,5.5.1.-estafas informaticas,6521,1429,5092
2021,5.6.-danos,12077,3105,8972
2021,5.7.-contra la propiedad intelectual/industrial,1056,634,422
2021,5.8.-blanqueo de capitales,651,153,498
2021,5.9.-otros contra el patrimonio,20106,8754,11352
2021,6. seguridad colectiva,64341,17086,47255
2021,6.1.-trafico de drogas,23920,7314,16606
2021,6.2.-contra la seguridad vial,38996,9490,29506
2021,6.3.-otros contra la seguridad colectiva,1425,282,1143
2021,7. falsedades,11739,6852,4887
2021,8. admon. publica,370,54,316
2021,9. admon. justicia,23892,5919,17973
2021,total infracciones penales,453222,145297,307925
2022,1. contra las personas,122885,39276,83609
2022,1.1.-homicidios dolosos/asesinatos,1500,482,1018
2022,1.1.1.-homicidios dolosos/asesinatos consumados,375,105,270
2022,1.2.-lesiones,44431,13133,31298
2022,1.3.-malos tratos ambito familiar,73876,24687,49189
2022,1.4.-otros contra las personas,3078,974,2104
2022,10. orden publico,23444,8716,14728
2022,11. legislacion especial,524,98,426
2022,12. otras infracciones penales,5875,1711,4164
2022,2. contra la libertad,52677,13428,39249
2022,2.1.-malos tratos habituales en el ambito familiar,10964,3062,7902
2022,2.2.-otros contra la libertad,41713,10366,31347
2022,3. libertad sexual,11699,4183,7516
2022,3.1.-agresion sexual,7133,2618,4515
2022,3.2.-agresion sexual con penetracion,2755,1062,1693
2022,3.3.-corrupcion de menores o incapacitados,221,52,169
2022,3.4.-pornografia de menores,467,62,405
2022,3.5.-otros contra la libertad sexual,1123,389,734
2022,4. relaciones familiares,2509,748,1761
2022,5. patrimonio,179947,70205,109742
2022,5.1.-hurtos,74111,32111,42000
2022,5.2.-robos con fuerza en las cosas,28274,9735,18539
2022,5.2.1.-robos con fuerza en las cosas en el interior de vehiculos,5948,2359,3589
2022,5.2.2.-robos con fuerza en viviendas,8249,3330,4919
2022,5.2.3.-robos con fuerza en establecimientos,6828,2034,4794
2022,5.3.-robos con violencia o intimidacion,18478,8744,9734
2022,5.3.1.-robos con violencia en via publica,11104,5996,5108
2022,5.3.2.-robos con violencia en viviendas,1204,383,821
2022,5.3.3.-robos con violencia en establecimientos,4073,1321,2752
2022,5.4.-sustraccion de vehiculos,3612,1016,2596
2022,5.5.-estafas,19232,4775,14457
2022,5.5.1.-estafas informaticas,8119,1895,6224
2022,5.6.-danos,12671,3384,9287
2022,5.7.-contra la propiedad intelectual/industrial,1245,746,499
2022,5.8.-blanqueo de capitales,690,199,491
2022,5.9.-otros contra el patrimonio,21634,9495,12139
2022,6. seguridad colectiva,70323,19854,50469
2022,6.1.-trafico de drogas,24029,8328,15701
2022,6.2.-contra la seguridad vial,44548,11111,33437
2022,6.3.-otros contra la seguridad colectiva,1746,415,1331
2022,7. falsedades,11132,6923,4209
2022,8. admon. publica,305,55,250
2022,9. admon. justicia,27099,7117,19982
2022,total infracciones penales,508419,172314,336105
2023,1. contra las personas,132332,43216,89116
2023,1.1.-homicidios dolosos/asesinatos,1631,568,1063
2023,1.1.1.-homicidios dolosos/asesinatos consumados,399,137,262
2023,1.2.-lesiones,45598,13538,32060
2023,1.3.-malos tratos ambito familiar,81461,27806,53655
2023,1.4.-otros contra las personas,3642,1304,2338
2023,10. orden publico,24453,9804,14649
2023,11. legislacion especial,433,93,340
2023,12. otras infracciones penales,6574,1771,4803
2023,2. contra la libertad,58423,15586,42837
2023,2.1.-malos tratos habituales en el ambito familiar,12085,3565,8520
2023,2.2.-otros contra la libertad,46338,12021,34317
2023,3. libertad sexual,13767,5136,8631
2023,3.1.-agresion sexual,8232,3125,5107
2023,3.2.-agresion sexual con penetracion,3160,1326,1834
2023,3.3.-corrupcion de menores o incapacitados,191,36,155
2023,3.4.-pornografia de menores,649,83,566
2023,3.5.-otros contra la libertad sexual,1535,566,969
2023,4. relaciones familiares,2655,830,1825
2023,5. patrimonio,204374,83969,120405
2023,5.1.-hurtos,89492,40651,48841
2023,5.2.-robos con fuerza en las cosas,30866,10668,20198
2023,5.2.1.-robos con fuerza en las cosas en el interior de vehiculos,6974,2823,4151
2023,5.2.2.-robos con fuerza en viviendas,8722,3489,5233
2023,5.2.3.-robos con fuerza en establecimientos,7697,2247,5450
2023,5.3.-robos con violencia o intimidacion,20790,10553,10237
2023,5.3.1.-robos con violencia en via publica,12246,7044,5202
2023,5.3.2.-robos con violencia en viviendas,1413,524,889
2023,5.3.3.-robos con violencia en establecimientos,4884,1810,3074
2023,5.4.-sustraccion de vehiculos,3948,1104,2844
2023,5.5.-estafas,22135,6001,16134
2023,5.5.1.-estafas informaticas,10462,2466,7996
2023,5.6.-danos,12606,3529,9077
2023,5.7.-contra la propiedad intelectual/industrial,1327,826,501
2023,5.8.-blanqueo de capitales,642,146,496
2023,5.9.-otros contra el patrimonio,22568,10491,12077
2023,6. seguridad colectiva,71713,21353,50360
2023,6.1.-trafico de drogas,26205,9552,16653
2023,6.2.-contra la seguridad vial,43614,11322,32292
2023,6.3.-otros contra la seguridad colectiva,1894,479,1415
2023,7. falsedades,11124,6876,4248
2023,8. admon. publica,297,37,260
2023,9. admon. justicia,30648,8425,22223
2023,total infracciones penales,556793,197096,359697
